Date,User,Route,Side,Exec Qty,Security,Root,Expiry,Strike,Call/Put,Average Price,Portfolio,Commission Type,Commission Rate,WEX Connect Rate,Exch. Fee Rate,Clearing Fee,Total Charge,group_quantity,group_price,group_charge
07/02/2021,DSmanik,WEX-BESTX-OPT,SLO,2,CLDR,CLDR,20/08/2021,$16.00,C,$0.13,VIVALDI-OMNI,Per Unit,0.05,0,-0.3,0,$(0.5000),737,0.15,137.77
07/02/2021,DSmanik,WEX-BESTX-OPT,SLO,18,CLDR,CLDR,20/08/2021,$16.00,C,$0.15,VIVALDI-OMNI,Per Unit,0.05,0,-0.43,0,$(6.8400),737,0.15,137.77
07/02/2021,DSmanik,WEX-BESTX-OPT,SLO,17,CLDR,CLDR,20/08/2021,$16.00,C,$0.15,VIVALDI-OMNI,Per Unit,0.05,0,-0.42,0,$(6.2900),737,0.15,137.77
07/02/2021,DSmanik,WEX-BESTX-OPT,SLO,16,CLDR,CLDR,20/08/2021,$16.00,C,$0.15,VIVALDI-OMNI,Per Unit,0.05,0,-0.3,0,$(4.0000),737,0.15,137.77
07/02/2021,DSmanik,WEX-BESTX-OPT,SLO,14,CLDR,CLDR,20/08/2021,$16.00,C,$0.15,VIVALDI-OMNI,Per Unit,0.05,0,-0.25,0,$(2.8000),737,0.15,137.77
07/02/2021,DSmanik,WEX-BESTX-OPT,SLO,13,CLDR,CLDR,20/08/2021,$16.00,C,$0.15,VIVALDI-OMNI,Per Unit,0.05,0,-0.25,0,$(2.6000),737,0.15,137.77
07/02/2021,DSmanik,WEX-BESTX-OPT,SLO,7,CLDR,CLDR,20/08/2021,$16.00,C,$0.15,VIVALDI-OMNI,Per Unit,0.05,0,-0.25,0,$(1.4000),737,0.15,137.77
07/02/2021,DSmanik,WEX-BESTX-OPT,SLO,47,CLDR,CLDR,20/08/2021,$16.00,C,$0.15,VIVALDI-OMNI,Per Unit,0.05,0,-0.25,0,$(9.4000),737,0.15,137.77
07/02/2021,DSmanik,WEX-BESTX-OPT,SLO,15,CLDR,CLDR,20/08/2021,$16.00,C,$0.15,VIVALDI-OMNI,Per Unit,0.05,0,-0.25,0,$(3.0000),737,0.15,137.77
07/02/2021,DSmanik,WEX-BESTX-OPT,SLO,15,CLDR,CLDR,20/08/2021,$16.00,C,$0.15,VIVALDI-OMNI,Per Unit,0.05,0,-0.25,0,$(3.0000),737,0.15,137.77
07/02/2021,DSmanik,WEX-BESTX-OPT,SLO,1,CLDR,CLDR,20/08/2021,$16.00,C,$0.15,VIVALDI-OMNI,Per Unit,0.05,0,-0.25,0,$(0.2000),737,0.15,137.77
07/02/2021,DSmanik,WEX-BESTX-OPT,SLO,15,CLDR,CLDR,20/08/2021,$16.00,C,$0.15,VIVALDI-OMNI,Per Unit,0.05,0,-0.25,0,$(3.0000),737,0.15,137.77
07/02/2021,DSmanik,WEX-BESTX-OPT,SLO,15,CLDR,CLDR,20/08/2021,$16.00,C,$0.15,VIVALDI-OMNI,Per Unit,0.05,0,-0.25,0,$(3.0000),737,0.15,137.77
07/02/2021,DSmanik,WEX-BESTX-OPT,SLO,15,CLDR,CLDR,20/08/2021,$16.00,C,$0.15,VIVALDI-OMNI,Per Unit,0.05,0,-0.25,0,$(3.0000),737,0.15,137.77
07/02/2021,DSmanik,WEX-BESTX-OPT,SLO,11,CLDR,CLDR,20/08/2021,$16.00,C,$0.15,VIVALDI-OMNI,Per Unit,0.05,0,-0.25,0,$(2.2000),737,0.15,137.77
07/02/2021,DSmanik,WEX-SWEEP,SLO,170,CLDR,CLDR,20/08/2021,$16.00,C,$0.15,VIVALDI-OMNI,Per Unit,0.05,0,0.49,0,$91.8000,737,0.15,137.77
07/02/2021,DSmanik,WEX-BESTX-OPT,SLO,4,CLDR,CLDR,20/08/2021,$16.00,C,$0.15,VIVALDI-OMNI,Per Unit,0.05,0,-0.25,0,$(0.8000),737,0.15,137.77
07/02/2021,DSmanik,WEX-SWEEP,SLO,11,CLDR,CLDR,20/08/2021,$16.00,C,$0.15,VIVALDI-OMNI,Per Unit,0.05,0,-0.43,0,$(4.1800),737,0.15,137.77
07/02/2021,DSmanik,WEX-SWEEP,SLO,12,CLDR,CLDR,20/08/2021,$16.00,C,$0.15,VIVALDI-OMNI,Per Unit,0.05,0,-0.25,0,$(2.4000),737,0.15,137.77
07/02/2021,DSmanik,WEX-SWEEP,SLO,13,CLDR,CLDR,20/08/2021,$16.00,C,$0.15,VIVALDI-OMNI,Per Unit,0.05,0,-0.42,0,$(4.8100),737,0.15,137.77
07/02/2021,DSmanik,WEX-SWEEP,SLO,13,CLDR,CLDR,20/08/2021,$16.00,C,$0.15,VIVALDI-OMNI,Per Unit,0.05,0,-0.3,0,$(3.2500),737,0.15,137.77
07/02/2021,DSmanik,WEX-SWEEP,SLO,11,CLDR,CLDR,20/08/2021,$16.00,C,$0.15,VIVALDI-OMNI,Per Unit,0.05,0,-0.25,0,$(2.2000),737,0.15,137.77
07/02/2021,DSmanik,WEX-SWEEP,SLO,6,CLDR,CLDR,20/08/2021,$16.00,C,$0.15,VIVALDI-OMNI,Per Unit,0.05,0,-0.25,0,$(1.2000),737,0.15,137.77
07/02/2021,DSmanik,WEX-BESTX-OPT,SLO,15,CLDR,CLDR,20/08/2021,$16.00,C,$0.15,VIVALDI-OMNI,Per Unit,0.05,0,-0.25,0,$(3.0000),737,0.15,137.77
07/02/2021,DSmanik,WEX-SWEEP,SLO,2,CLDR,CLDR,20/08/2021,$16.00,C,$0.15,VIVALDI-OMNI,Per Unit,0.05,0,-0.25,0,$(0.4000),737,0.15,137.77
07/02/2021,DSmanik,WEX-SWEEP,SLO,3,CLDR,CLDR,20/08/2021,$16.00,C,$0.15,VIVALDI-OMNI,Per Unit,0.05,0,-0.43,0,$(1.1400),737,0.15,137.77
07/02/2021,DSmanik,WEX-SWEEP,SLO,1,CLDR,CLDR,20/08/2021,$16.00,C,$0.15,VIVALDI-OMNI,Per Unit,0.05,0,-0.25,0,$(0.2000),737,0.15,137.77
07/02/2021,DSmanik,WEX-BESTX-OPT,SLO,10,CLDR,CLDR,20/08/2021,$16.00,C,$0.15,VIVALDI-OMNI,Per Unit,0.05,0,-0.25,0,$(2.0000),737,0.15,137.77
07/02/2021,DSmanik,WEX-SWEEP,SLO,1,CLDR,CLDR,20/08/2021,$16.00,C,$0.15,VIVALDI-OMNI,Per Unit,0.05,0,-0.25,0,$(0.2000),737,0.15,137.77
07/02/2021,DSmanik,WEX-SWEEP,SLO,3,CLDR,CLDR,20/08/2021,$16.00,C,$0.15,VIVALDI-OMNI,Per Unit,0.05,0,-0.3,0,$(0.7500),737,0.15,137.77
07/02/2021,DSmanik,WEX-SWEEP,SLO,3,CLDR,CLDR,20/08/2021,$16.00,C,$0.15,VIVALDI-OMNI,Per Unit,0.05,0,-0.42,0,$(1.1100),737,0.15,137.77
07/02/2021,DSmanik,WEX-SWEEP,SLO,1,CLDR,CLDR,20/08/2021,$16.00,C,$0.15,VIVALDI-OMNI,Per Unit,0.05,0,-0.25,0,$(0.2000),737,0.15,137.77
07/02/2021,DSmanik,WEX-SWEEP,SLO,211,CLDR,CLDR,20/08/2021,$16.00,C,$0.15,VIVALDI-OMNI,Per Unit,0.05,0,0.49,0,$113.9400,737,0.15,137.77
07/02/2021,DSmanik,WEX-SWEEP,SLO,3,CLDR,CLDR,20/08/2021,$16.00,C,$0.15,VIVALDI-OMNI,Per Unit,0.05,0,0,0,$0.1500,737,0.15,137.77
07/02/2021,DSmanik,WEX-SWEEP,SLO,7,CLDR,CLDR,20/08/2021,$16.00,C,$0.14,VIVALDI-OMNI,Per Unit,0.05,0,0.49,0,$3.7800,737,0.15,137.77
07/02/2021,DSmanik,WEX-SWEEP,SLO,3,CLDR,CLDR,20/08/2021,$16.00,C,$0.14,VIVALDI-OMNI,Per Unit,0.05,0,0,0,$0.1500,737,0.15,137.77
07/02/2021,DSmanik,WEX-SWEEP,SLO,3,CLDR,CLDR,20/08/2021,$16.00,C,$0.14,VIVALDI-OMNI,Per Unit,0.05,0,0.49,0,$1.6200,737,0.15,137.77
07/02/2021,DSmanik,WEX-SWEEP,SLO,7,CLDR,CLDR,20/08/2021,$16.00,C,$0.14,VIVALDI-OMNI,Per Unit,0.05,0,0.49,0,$3.7800,737,0.15,137.77
07/02/2021,DSmanik,WEX-SWEEP,SLO,3,CLDR,CLDR,20/08/2021,$16.00,C,$0.14,VIVALDI-OMNI,Per Unit,0.05,0,0.49,0,$1.6200,737,0.15,137.77
07/07/2021,DSmanik,WEX-SWEEP,SLO,10,CRHC,CRHC,20/08/2021,$10.00,C,$0.10,VIVALDI-OMNI,Per Unit,0.05,0,0.85,0,$9.0000,31,0.1,26.19
07/07/2021,DSmanik,WEX-SWEEP,SLO,10,CRHC,CRHC,20/08/2021,$10.00,C,$0.10,VIVALDI-OMNI,Per Unit,0.05,0,0.85,0,$9.0000,31,0.1,26.19
07/07/2021,DSmanik,WEX-SWEEP,SLO,1,CRHC,CRHC,20/08/2021,$10.00,C,$0.10,VIVALDI-OMNI,Per Unit,0.05,0,-0.86,0,$(0.8100),31,0.1,26.19
07/07/2021,DSmanik,WEX-SWEEP,SLO,9,CRHC,CRHC,20/08/2021,$10.00,C,$0.10,VIVALDI-OMNI,Per Unit,0.05,0,0.85,0,$8.1000,31,0.1,26.19
07/07/2021,DSmanik,WEX-SWEEP,SLO,1,CRHC,CRHC,20/08/2021,$10.00,C,$0.10,VIVALDI-OMNI,Per Unit,0.05,0,0.85,0,$0.9000,31,0.1,26.19
7/13/2021,DSmanik,ISE-OPT,SLO,25,F,F,20/08/2021,$14.00,P,$0.55,CITI,Per Unit,0.05,0,0,0,$1.2500,1113,0.54,55.65
7/13/2021,DSmanik,CBOE-OPT,SLO,25,F,F,20/08/2021,$14.00,P,$0.55,CITI,Per Unit,0.05,0,0,0,$1.2500,1113,0.54,55.65
7/13/2021,DSmanik,CBOE-OPT,SLO,10,F,F,20/08/2021,$14.00,P,$0.55,CITI,Per Unit,0.05,0,0,0,$0.5000,1113,0.54,55.65
7/13/2021,DSmanik,ISE-OPT,SLO,15,F,F,20/08/2021,$14.00,P,$0.55,CITI,Per Unit,0.05,0,0,0,$0.7500,1113,0.54,55.65
7/13/2021,DSmanik,CBOE-OPT,SLO,15,F,F,20/08/2021,$14.00,P,$0.55,CITI,Per Unit,0.05,0,0,0,$0.7500,1113,0.54,55.65
7/13/2021,DSmanik,CBOE-OPT,SLO,9,F,F,20/08/2021,$14.00,P,$0.55,CITI,Per Unit,0.05,0,0,0,$0.4500,1113,0.54,55.65
7/13/2021,DSmanik,CBOE-OPT,SLO,1,F,F,20/08/2021,$14.00,P,$0.55,CITI,Per Unit,0.05,0,0,0,$0.0500,1113,0.54,55.65
7/13/2021,DSmanik,CBOE-OPT,SLO,25,F,F,20/08/2021,$14.00,P,$0.55,CITI,Per Unit,0.05,0,0,0,$1.2500,1113,0.54,55.65
7/13/2021,DSmanik,CBOE-OPT,SLO,25,F,F,20/08/2021,$14.00,P,$0.55,CITI,Per Unit,0.05,0,0,0,$1.2500,1113,0.54,55.65
7/13/2021,DSmanik,ISE-OPT,SLO,25,F,F,20/08/2021,$14.00,P,$0.55,CITI,Per Unit,0.05,0,0,0,$1.2500,1113,0.54,55.65
7/13/2021,DSmanik,CBOE-OPT,SLO,25,F,F,20/08/2021,$14.00,P,$0.55,CITI,Per Unit,0.05,0,0,0,$1.2500,1113,0.54,55.65
7/13/2021,DSmanik,CBOE-OPT,SLO,5,F,F,20/08/2021,$14.00,P,$0.55,CITI,Per Unit,0.05,0,0,0,$0.2500,1113,0.54,55.65
7/13/2021,DSmanik,CBOE-OPT,SLO,20,F,F,20/08/2021,$14.00,P,$0.55,CITI,Per Unit,0.05,0,0,0,$1.0000,1113,0.54,55.65
7/13/2021,DSmanik,ISE-OPT,SLO,25,F,F,20/08/2021,$14.00,P,$0.55,CITI,Per Unit,0.05,0,0,0,$1.2500,1113,0.54,55.65
7/13/2021,DSmanik,CBOE-OPT,SLO,15,F,F,20/08/2021,$14.00,P,$0.55,CITI,Per Unit,0.05,0,0,0,$0.7500,1113,0.54,55.65
7/13/2021,DSmanik,CBOE-OPT,SLO,16,F,F,20/08/2021,$14.00,P,$0.55,CITI,Per Unit,0.05,0,0,0,$0.8000,1113,0.54,55.65
7/13/2021,DSmanik,CBOE-OPT,SLO,1,F,F,20/08/2021,$14.00,P,$0.55,CITI,Per Unit,0.05,0,0,0,$0.0500,1113,0.54,55.65
7/13/2021,DSmanik,ISE-OPT,SLO,18,F,F,20/08/2021,$14.00,P,$0.55,CITI,Per Unit,0.05,0,0,0,$0.9000,1113,0.54,55.65
7/13/2021,DSmanik,CBOE-OPT,SLO,25,F,F,20/08/2021,$14.00,P,$0.55,CITI,Per Unit,0.05,0,0,0,$1.2500,1113,0.54,55.65
7/13/2021,DSmanik,ISE-OPT,SLO,25,F,F,20/08/2021,$14.00,P,$0.55,CITI,Per Unit,0.05,0,0,0,$1.2500,1113,0.54,55.65
7/13/2021,DSmanik,CBOE-OPT,SLO,25,F,F,20/08/2021,$14.00,P,$0.55,CITI,Per Unit,0.05,0,0,0,$1.2500,1113,0.54,55.65
7/13/2021,DSmanik,CBOE-OPT,SLO,25,F,F,20/08/2021,$14.00,P,$0.55,CITI,Per Unit,0.05,0,0,0,$1.2500,1113,0.54,55.65
7/13/2021,DSmanik,ISE-OPT,SLO,25,F,F,20/08/2021,$14.00,P,$0.55,CITI,Per Unit,0.05,0,0,0,$1.2500,1113,0.54,55.65
7/13/2021,DSmanik,CBOE-OPT,SLO,25,F,F,20/08/2021,$14.00,P,$0.55,CITI,Per Unit,0.05,0,0,0,$1.2500,1113,0.54,55.65
7/13/2021,DSmanik,ISE-OPT,SLO,25,F,F,20/08/2021,$14.00,P,$0.55,CITI,Per Unit,0.05,0,0,0,$1.2500,1113,0.54,55.65
7/13/2021,DSmanik,CBOE-OPT,SLO,24,F,F,20/08/2021,$14.00,P,$0.55,CITI,Per Unit,0.05,0,0,0,$1.2000,1113,0.54,55.65
7/13/2021,DSmanik,CBOE-OPT,SLO,1,F,F,20/08/2021,$14.00,P,$0.55,CITI,Per Unit,0.05,0,0,0,$0.0500,1113,0.54,55.65
7/13/2021,DSmanik,CBOE-OPT,SLO,25,F,F,20/08/2021,$14.00,P,$0.54,CITI,Per Unit,0.05,0,0,0,$1.2500,1113,0.54,55.65
7/13/2021,DSmanik,ISE-OPT,SLO,25,F,F,20/08/2021,$14.00,P,$0.54,CITI,Per Unit,0.05,0,0,0,$1.2500,1113,0.54,55.65
7/13/2021,DSmanik,CBOE-OPT,SLO,25,F,F,20/08/2021,$14.00,P,$0.54,CITI,Per Unit,0.05,0,0,0,$1.2500,1113,0.54,55.65
7/13/2021,DSmanik,ISE-OPT,SLO,2,F,F,20/08/2021,$14.00,P,$0.54,CITI,Per Unit,0.05,0,0,0,$0.1000,1113,0.54,55.65
7/13/2021,DSmanik,ISE-OPT,SLO,1,F,F,20/08/2021,$14.00,P,$0.54,CITI,Per Unit,0.05,0,0,0,$0.0500,1113,0.54,55.65
7/13/2021,DSmanik,ISE-OPT,SLO,1,F,F,20/08/2021,$14.00,P,$0.54,CITI,Per Unit,0.05,0,0,0,$0.0500,1113,0.54,55.65
7/13/2021,DSmanik,ISE-OPT,SLO,9,F,F,20/08/2021,$14.00,P,$0.54,CITI,Per Unit,0.05,0,0,0,$0.4500,1113,0.54,55.65
7/13/2021,DSmanik,CBOE-OPT,SLO,6,F,F,20/08/2021,$14.00,P,$0.54,CITI,Per Unit,0.05,0,0,0,$0.3000,1113,0.54,55.65
7/13/2021,DSmanik,CBOE-OPT,SLO,6,F,F,20/08/2021,$14.00,P,$0.54,CITI,Per Unit,0.05,0,0,0,$0.3000,1113,0.54,55.65
7/13/2021,DSmanik,CBOE-OPT,SLO,25,F,F,20/08/2021,$14.00,P,$0.55,CITI,Per Unit,0.05,0,0,0,$1.2500,1113,0.54,55.65
7/13/2021,DSmanik,CBOE-OPT,SLO,25,F,F,20/08/2021,$14.00,P,$0.55,CITI,Per Unit,0.05,0,0,0,$1.2500,1113,0.54,55.65
7/13/2021,DSmanik,ISE-OPT,SLO,1,F,F,20/08/2021,$14.00,P,$0.55,CITI,Per Unit,0.05,0,0,0,$0.0500,1113,0.54,55.65
7/13/2021,DSmanik,ISE-OPT,SLO,11,F,F,20/08/2021,$14.00,P,$0.55,CITI,Per Unit,0.05,0,0,0,$0.5500,1113,0.54,55.65
7/13/2021,DSmanik,ISE-OPT,SLO,8,F,F,20/08/2021,$14.00,P,$0.55,CITI,Per Unit,0.05,0,0,0,$0.4000,1113,0.54,55.65
7/13/2021,DSmanik,ISE-OPT,SLO,5,F,F,20/08/2021,$14.00,P,$0.55,CITI,Per Unit,0.05,0,0,0,$0.2500,1113,0.54,55.65
7/13/2021,DSmanik,CBOE-OPT,SLO,1,F,F,20/08/2021,$14.00,P,$0.55,CITI,Per Unit,0.05,0,0,0,$0.0500,1113,0.54,55.65
7/13/2021,DSmanik,CBOE-OPT,SLO,48,F,F,20/08/2021,$14.00,P,$0.55,CITI,Per Unit,0.05,0,0,0,$2.4000,1113,0.54,55.65
7/13/2021,DSmanik,ISE-OPT,SLO,1,F,F,20/08/2021,$14.00,P,$0.55,CITI,Per Unit,0.05,0,0,0,$0.0500,1113,0.54,55.65
7/13/2021,DSmanik,CBOE-OPT,SLO,49,F,F,20/08/2021,$14.00,P,$0.55,CITI,Per Unit,0.05,0,0,0,$2.4500,1113,0.54,55.65
7/13/2021,DSmanik,CBOE-OPT,SLO,8,F,F,20/08/2021,$14.00,P,$0.55,CITI,Per Unit,0.05,0,0,0,$0.4000,1113,0.54,55.65
7/13/2021,DSmanik,CBOE-OPT,SLO,9,F,F,20/08/2021,$14.00,P,$0.55,CITI,Per Unit,0.05,0,0,0,$0.4500,1113,0.54,55.65
7/13/2021,DSmanik,ISE-OPT,SLO,9,F,F,20/08/2021,$14.00,P,$0.55,CITI,Per Unit,0.05,0,0,0,$0.4500,1113,0.54,55.65
7/13/2021,DSmanik,CBOE-OPT,SLO,25,F,F,20/08/2021,$14.00,P,$0.53,CITI,Per Unit,0.05,0,0,0,$1.2500,1113,0.54,55.65
7/13/2021,DSmanik,ISE-OPT,SLO,7,F,F,20/08/2021,$14.00,P,$0.53,CITI,Per Unit,0.05,0,0,0,$0.3500,1113,0.54,55.65
7/13/2021,DSmanik,ISE-OPT,SLO,12,F,F,20/08/2021,$14.00,P,$0.53,CITI,Per Unit,0.05,0,0,0,$0.6000,1113,0.54,55.65
7/13/2021,DSmanik,ISE-OPT,SLO,6,F,F,20/08/2021,$14.00,P,$0.53,CITI,Per Unit,0.05,0,0,0,$0.3000,1113,0.54,55.65
7/13/2021,DSmanik,ISE-OPT,SLO,30,F,F,20/08/2021,$14.00,P,$0.53,CITI,Per Unit,0.05,0,0,0,$1.5000,1113,0.54,55.65
7/13/2021,DSmanik,CBOE-OPT,SLO,2,F,F,20/08/2021,$14.00,P,$0.53,CITI,Per Unit,0.05,0,0,0,$0.1000,1113,0.54,55.65
7/13/2021,DSmanik,CBOE-OPT,SLO,1,F,F,20/08/2021,$14.00,P,$0.53,CITI,Per Unit,0.05,0,0,0,$0.0500,1113,0.54,55.65
7/13/2021,DSmanik,CBOE-OPT,SLO,1,F,F,20/08/2021,$14.00,P,$0.53,CITI,Per Unit,0.05,0,0,0,$0.0500,1113,0.54,55.65
7/13/2021,DSmanik,CBOE-OPT,SLO,3,F,F,20/08/2021,$14.00,P,$0.53,CITI,Per Unit,0.05,0,0,0,$0.1500,1113,0.54,55.65
7/13/2021,DSmanik,ISE-OPT,SLO,29,F,F,20/08/2021,$14.00,P,$0.53,CITI,Per Unit,0.05,0,0,0,$1.4500,1113,0.54,55.65
7/13/2021,DSmanik,ISE-OPT,SLO,17,F,F,20/08/2021,$14.00,P,$0.53,CITI,Per Unit,0.05,0,0,0,$0.8500,1113,0.54,55.65
7/13/2021,DSmanik,CBOE-OPT,SLO,14,F,F,20/08/2021,$14.00,P,$0.53,CITI,Per Unit,0.05,0,0,0,$0.7000,1113,0.54,55.65
7/13/2021,DSmanik,CBOE-OPT,SLO,35,F,F,20/08/2021,$14.00,P,$0.53,CITI,Per Unit,0.05,0,0,0,$1.7500,1113,0.54,55.65
7/13/2021,DSmanik,ISE-OPT,SLO,15,F,F,20/08/2021,$14.00,P,$0.53,CITI,Per Unit,0.05,0,0,0,$0.7500,1113,0.54,55.65
7/13/2021,DSmanik,CBOE-OPT,SLO,15,F,F,20/08/2021,$14.00,P,$0.53,CITI,Per Unit,0.05,0,0,0,$0.7500,1113,0.54,55.65
7/13/2021,DSmanik,CBOE-OPT,SLO,7,F,F,20/08/2021,$14.00,P,$0.53,CITI,Per Unit,0.05,0,0,0,$0.3500,1113,0.54,55.65
7/13/2021,DSmanik,ISE-OPT,SLO,35,F,F,20/08/2021,$14.00,P,$0.53,CITI,Per Unit,0.05,0,0,0,$1.7500,1113,0.54,55.65
7/13/2021,DSmanik,CBOE-OPT,SLO,15,F,F,20/08/2021,$14.00,P,$0.53,CITI,Per Unit,0.05,0,0,0,$0.7500,1113,0.54,55.65
7/13/2021,DSmanik,CBOE-OPT,SLO,7,F,F,20/08/2021,$14.00,P,$0.53,CITI,Per Unit,0.05,0,0,0,$0.3500,1113,0.54,55.65
7/13/2021,DSmanik,ISE-OPT,SLO,8,F,F,20/08/2021,$14.00,P,$0.53,CITI,Per Unit,0.05,0,0,0,$0.4000,1113,0.54,55.65
7/13/2021,DSmanik,CBOE-OPT,SLO,16,F,F,20/08/2021,$14.00,P,$0.53,CITI,Per Unit,0.05,0,0,0,$0.8000,1113,0.54,55.65
7/13/2021,DSmanik,ISE-OPT,SLO,3,F,F,20/08/2021,$14.00,P,$0.53,CITI,Per Unit,0.05,0,0,0,$0.1500,1113,0.54,55.65
7/13/2021,DSmanik,ISE-OPT,SLO,10,F,F,20/08/2021,$14.00,P,$0.53,CITI,Per Unit,0.05,0,0,0,$0.5000,1113,0.54,55.65
7/15/2021,DFilippidis,PHLX-WEX-CONNECT,SLO,"1,650",GDX,GDX,21/01/2022,$30.00,P,$1.04,UBS-CUST,Per Unit,0.05,0.02,0,0,$115.5000,1650,1.04,115.5
7/20/2021,DSmanik,WEX-SWEEP-SPRD,SLO,33,CRHC,CRHC,17/09/2021,$10.00,C,$0.12,VIVALDI-OMNI,Per Unit,0.05,0,0,0,$1.6500,773,0.15,-87.7575
7/20/2021,DSmanik,WEX-SWEEP-SPRD,SLO,67,CRHC,CRHC,17/09/2021,$10.00,C,$0.12,VIVALDI-OMNI,Per Unit,0.05,0,0.0025,0,$3.5175,773,0.15,-87.7575
7/20/2021,DSmanik,WEX-SWEEP-SPRD,SLO,100,CRHC,CRHC,17/09/2021,$10.00,C,$0.17,VIVALDI-OMNI,Per Unit,0.05,0,-0.4,0,$(35.0000),773,0.15,-87.7575
7/20/2021,DSmanik,WEX-SWEEP-SPRD,SLO,8,CRHC,CRHC,17/09/2021,$10.00,C,$0.13,VIVALDI-OMNI,Per Unit,0.05,0,0,0,$0.4000,773,0.15,-87.7575
7/20/2021,DSmanik,WEX-SWEEP-SPRD,SLO,16,CRHC,CRHC,17/09/2021,$10.00,C,$0.13,VIVALDI-OMNI,Per Unit,0.05,0,0,0,$0.8000,773,0.15,-87.7575
7/20/2021,DSmanik,WEX-SWEEP-SPRD,SLO,17,CRHC,CRHC,17/09/2021,$10.00,C,$0.13,VIVALDI-OMNI,Per Unit,0.05,0,0.0025,0,$0.8925,773,0.15,-87.7575
7/20/2021,DSmanik,WEX-SWEEP-SPRD,SLO,25,CRHC,CRHC,17/09/2021,$10.00,C,$0.15,VIVALDI-OMNI,Per Unit,0.05,0,-0.4,0,$(8.7500),773,0.15,-87.7575
7/20/2021,DSmanik,WEX-SWEEP-SPRD,SLO,34,CRHC,CRHC,17/09/2021,$10.00,C,$0.13,VIVALDI-OMNI,Per Unit,0.05,0,0.0025,0,$1.7850,773,0.15,-87.7575
7/20/2021,DSmanik,WEX-SWEEP-SPRD,SLO,50,CRHC,CRHC,17/09/2021,$10.00,C,$0.15,VIVALDI-OMNI,Per Unit,0.05,0,-0.4,0,$(17.5000),773,0.15,-87.7575
7/20/2021,DSmanik,WEX-SWEEP-SPRD,SLO,16,CRHC,CRHC,17/09/2021,$10.00,C,$0.11,VIVALDI-OMNI,Per Unit,0.05,0,0,0,$0.8000,773,0.15,-87.7575
7/20/2021,DSmanik,WEX-SWEEP-SPRD,SLO,50,CRHC,CRHC,17/09/2021,$10.00,C,$0.15,VIVALDI-OMNI,Per Unit,0.05,0,-0.4,0,$(17.5000),773,0.15,-87.7575
7/20/2021,DSmanik,WEX-SWEEP-SPRD,SLO,34,CRHC,CRHC,17/09/2021,$10.00,C,$0.11,VIVALDI-OMNI,Per Unit,0.05,0,0.0025,0,$1.7850,773,0.15,-87.7575
7/20/2021,DSmanik,WEX-SWEEP-SPRD,SLO,17,CRHC,CRHC,17/09/2021,$10.00,C,$0.10,VIVALDI-OMNI,Per Unit,0.05,0,0.0025,0,$0.8925,773,0.15,-87.7575
7/20/2021,DSmanik,WEX-SWEEP-SPRD,SLO,25,CRHC,CRHC,17/09/2021,$10.00,C,$0.15,VIVALDI-OMNI,Per Unit,0.05,0,-0.4,0,$(8.7500),773,0.15,-87.7575
7/20/2021,DSmanik,WEX-SWEEP-SPRD,SLO,8,CRHC,CRHC,17/09/2021,$10.00,C,$0.10,VIVALDI-OMNI,Per Unit,0.05,0,0.0025,0,$0.4200,773,0.15,-87.7575
7/20/2021,DSmanik,WEX-SWEEP,SLO,10,CRHC,CRHC,17/09/2021,$10.00,C,$0.15,VIVALDI-OMNI,Per Unit,0.05,0,0.85,0,$9.0000,773,0.15,-87.7575
7/20/2021,DSmanik,WEX-SWEEP,SLO,1,CRHC,CRHC,17/09/2021,$10.00,C,$0.15,VIVALDI-OMNI,Per Unit,0.05,0,-0.85,0,$(0.8000),773,0.15,-87.7575
7/20/2021,DSmanik,WEX-SWEEP-SPRD,SLO,33,CRHC,CRHC,17/09/2021,$10.00,C,$0.14,VIVALDI-OMNI,Per Unit,0.05,0,0,0,$1.6500,773,0.15,-87.7575
7/20/2021,DSmanik,WEX-SWEEP-SPRD,SLO,67,CRHC,CRHC,17/09/2021,$10.00,C,$0.13,VIVALDI-OMNI,Per Unit,0.05,0,0.0025,0,$3.5175,773,0.15,-87.7575
7/20/2021,DSmanik,WEX-SWEEP-SPRD,SLO,100,CRHC,CRHC,17/09/2021,$10.00,C,$0.19,VIVALDI-OMNI,Per Unit,0.05,0,-0.4,0,$(35.0000),773,0.15,-87.7575
7/20/2021,DSmanik,WEX-SWEEP,SLO,1,CRHC,CRHC,17/09/2021,$10.00,C,$0.15,VIVALDI-OMNI,Per Unit,0.05,0,-0.8,0,$(0.7500),773,0.15,-87.7575
7/20/2021,DSmanik,WEX-SWEEP,SLO,1,CRHC,CRHC,17/09/2021,$10.00,C,$0.15,VIVALDI-OMNI,Per Unit,0.05,0,-0.86,0,$(0.8100),773,0.15,-87.7575
7/20/2021,DSmanik,WEX-SWEEP,SLO,1,CRHC,CRHC,17/09/2021,$10.00,C,$0.15,VIVALDI-OMNI,Per Unit,0.05,0,-0.85,0,$(0.8000),773,0.15,-87.7575
7/20/2021,DSmanik,WEX-SWEEP-SPRD,SLO,8,CRHC,CRHC,17/09/2021,$10.00,C,$0.14,VIVALDI-OMNI,Per Unit,0.05,0,0,0,$0.4000,773,0.15,-87.7575
7/20/2021,DSmanik,WEX-SWEEP-SPRD,SLO,17,CRHC,CRHC,17/09/2021,$10.00,C,$0.14,VIVALDI-OMNI,Per Unit,0.05,0,0.0025,0,$0.8925,773,0.15,-87.7575
7/20/2021,DSmanik,WEX-SWEEP-SPRD,SLO,6,CRHC,CRHC,17/09/2021,$10.00,C,$0.15,VIVALDI-OMNI,Per Unit,0.05,0,-0.4,0,$(2.1000),773,0.15,-87.7575
7/20/2021,DSmanik,WEX-SWEEP,SLO,1,CRHC,CRHC,17/09/2021,$10.00,C,$0.15,VIVALDI-OMNI,Per Unit,0.05,0,0.85,0,$0.9000,773,0.15,-87.7575
7/20/2021,DSmanik,WEX-SWEEP,SLO,4,CRHC,CRHC,17/09/2021,$10.00,C,$0.15,VIVALDI-OMNI,Per Unit,0.05,0,0,0,$0.2000,773,0.15,-87.7575
7/20/2021,DSmanik,WEX-SWEEP,SLO,3,CRHC,CRHC,17/09/2021,$10.00,C,$0.15,VIVALDI-OMNI,Per Unit,0.05,0,0.85,0,$2.7000,773,0.15,-87.7575
7/20/2021,DSmanik,WEX-SWEEP,SLO,4,CRHC,CRHC,17/09/2021,$10.00,C,$0.15,VIVALDI-OMNI,Per Unit,0.05,0,0,0,$0.2000,773,0.15,-87.7575
7/20/2021,DSmanik,WEX-SWEEP,SLO,6,CRHC,CRHC,17/09/2021,$10.00,C,$0.15,VIVALDI-OMNI,Per Unit,0.05,0,0.85,0,$5.4000,773,0.15,-87.7575
7/20/2021,DSmanik,WEX-SWEEP,SLO,4,CRHC,CRHC,17/09/2021,$10.00,C,$0.15,VIVALDI-OMNI,Per Unit,0.05,0,0,0,$0.2000,773,0.15,-87.7575
7/20/2021,DSmanik,WEX-SWEEP,SLO,4,CRHC,CRHC,17/09/2021,$10.00,C,$0.15,VIVALDI-OMNI,Per Unit,0.05,0,0,0,$0.2000,773,0.15,-87.7575
7/20/2021,DSmanik,WEX-SWEEP,SLO,2,CRHC,CRHC,17/09/2021,$10.00,C,$0.15,VIVALDI-OMNI,Per Unit,0.05,0,0.85,0,$1.8000,773,0.15,-87.7575
7/21/2021,DSmanik,WEX-BESTX-OPT,BYO,1,INDI,INDI,20/08/2021,$7.50,P,$0.30,DIFESA-OMNI,Per Unit,0.05,0,0.85,0,$0.9000,35,0.3,-26.64
7/21/2021,DSmanik,WEX-BESTX-OPT,BYO,19,INDI,INDI,20/08/2021,$7.50,P,$0.30,DIFESA-OMNI,Per Unit,0.05,0,-0.86,0,$(15.3900),35,0.3,-26.64
7/21/2021,DSmanik,WEX-BESTX-OPT,BYO,15,INDI,INDI,20/08/2021,$7.50,P,$0.30,DIFESA-OMNI,Per Unit,0.05,0,-0.86,0,$(12.1500),35,0.3,-26.64
7/21/2021,DSmanik,WEX-BESTX-OPT,BYO,21,LEV,LEV,20/08/2021,$12.50,P,$0.40,DIFESA-OMNI,Per Unit,0.05,0,-0.85,0,$(16.8000),500,0.43,52.3575
7/21/2021,DSmanik,WEX-BESTX-OPT,BYO,20,LEV,LEV,20/08/2021,$12.50,P,$0.40,DIFESA-OMNI,Per Unit,0.05,0,-0.85,0,$(16.0000),500,0.43,52.3575
7/21/2021,DSmanik,WEX-BESTX-OPT,BYO,24,LEV,LEV,20/08/2021,$12.50,P,$0.40,DIFESA-OMNI,Per Unit,0.05,0,-0.85,0,$(19.2000),500,0.43,52.3575
7/21/2021,DSmanik,WEX-BESTX-OPT,BYO,13,LEV,LEV,20/08/2021,$12.50,P,$0.40,DIFESA-OMNI,Per Unit,0.05,0,-0.8,0,$(9.7500),500,0.43,52.3575
7/21/2021,DSmanik,WEX-BESTX-OPT,BYO,23,LEV,LEV,20/08/2021,$12.50,P,$0.40,DIFESA-OMNI,Per Unit,0.05,0,-0.86,0,$(18.6300),500,0.43,52.3575
7/21/2021,DSmanik,WEX-BESTX-OPT,BYO,19,LEV,LEV,20/08/2021,$12.50,P,$0.40,DIFESA-OMNI,Per Unit,0.05,0,-0.8,0,$(14.2500),500,0.43,52.3575
7/21/2021,DSmanik,WEX-BESTX-OPT,BYO,24,LEV,LEV,20/08/2021,$12.50,P,$0.40,DIFESA-OMNI,Per Unit,0.05,0,-0.85,0,$(19.2000),500,0.43,52.3575
7/21/2021,DSmanik,WEX-BESTX-OPT,BYO,1,LEV,LEV,20/08/2021,$12.50,P,$0.40,DIFESA-OMNI,Per Unit,0.05,0,-0.85,0,$(0.8000),500,0.43,52.3575
7/21/2021,DSmanik,WEX-BESTX-OPT,BYO,16,LEV,LEV,20/08/2021,$12.50,P,$0.40,DIFESA-OMNI,Per Unit,0.05,0,-0.85,0,$(12.8000),500,0.43,52.3575
7/21/2021,DSmanik,WEX-BESTX-OPT,BYO,23,LEV,LEV,20/08/2021,$12.50,P,$0.40,DIFESA-OMNI,Per Unit,0.05,0,-0.86,0,$(18.6300),500,0.43,52.3575
7/21/2021,DSmanik,WEX-BESTX-OPT,BYO,16,LEV,LEV,20/08/2021,$12.50,P,$0.40,DIFESA-OMNI,Per Unit,0.05,0,-0.86,0,$(12.9600),500,0.43,52.3575
7/21/2021,DSmanik,WEX-SWEEP,BYO,22,LEV,LEV,20/08/2021,$12.50,P,$0.45,DIFESA-OMNI,Per Unit,0.05,0,0.85,0,$19.8000,500,0.43,52.3575
7/21/2021,DSmanik,WEX-SWEEP,BYO,22,LEV,LEV,20/08/2021,$12.50,P,$0.45,DIFESA-OMNI,Per Unit,0.05,0,0.85,0,$19.8000,500,0.43,52.3575
7/21/2021,DSmanik,WEX-SWEEP,BYO,11,LEV,LEV,20/08/2021,$12.50,P,$0.45,DIFESA-OMNI,Per Unit,0.05,0,0.85,0,$9.9000,500,0.43,52.3575
7/21/2021,DSmanik,WEX-SWEEP,BYO,4,LEV,LEV,20/08/2021,$12.50,P,$0.45,DIFESA-OMNI,Per Unit,0.05,0,-0.01,0,$0.1600,500,0.43,52.3575
7/21/2021,DSmanik,WEX-SWEEP,BYO,9,LEV,LEV,20/08/2021,$12.50,P,$0.45,DIFESA-OMNI,Per Unit,0.05,0,0.85,0,$8.1000,500,0.43,52.3575
7/21/2021,DSmanik,WEX-SWEEP,BYO,45,LEV,LEV,20/08/2021,$12.50,P,$0.45,DIFESA-OMNI,Per Unit,0.05,0,0.85,0,$40.5000,500,0.43,52.3575
7/21/2021,DSmanik,WEX-SWEEP,BYO,2,LEV,LEV,20/08/2021,$12.50,P,$0.45,DIFESA-OMNI,Per Unit,0.05,0,0,0,$0.1000,500,0.43,52.3575
7/21/2021,DSmanik,WEX-SWEEP,BYO,3,LEV,LEV,20/08/2021,$12.50,P,$0.45,DIFESA-OMNI,Per Unit,0.05,0,0.85,0,$2.7000,500,0.43,52.3575
7/21/2021,DSmanik,WEX-SWEEP,BYO,19,LEV,LEV,20/08/2021,$12.50,P,$0.45,DIFESA-OMNI,Per Unit,0.05,0,0.0025,0,$0.9975,500,0.43,52.3575
7/21/2021,DSmanik,WEX-SWEEP,BYO,2,LEV,LEV,20/08/2021,$12.50,P,$0.45,DIFESA-OMNI,Per Unit,0.05,0,0.85,0,$1.8000,500,0.43,52.3575
7/21/2021,DSmanik,WEX-SWEEP,BYO,29,LEV,LEV,20/08/2021,$12.50,P,$0.45,DIFESA-OMNI,Per Unit,0.05,0,0,0,$1.4500,500,0.43,52.3575
7/21/2021,DSmanik,WEX-SWEEP,BYO,27,LEV,LEV,20/08/2021,$12.50,P,$0.45,DIFESA-OMNI,Per Unit,0.05,0,0.85,0,$24.3000,500,0.43,52.3575
7/21/2021,DSmanik,WEX-SWEEP,BYO,12,LEV,LEV,20/08/2021,$12.50,P,$0.45,DIFESA-OMNI,Per Unit,0.05,0,0.85,0,$10.8000,500,0.43,52.3575
7/21/2021,DSmanik,WEX-SWEEP,BYO,1,LEV,LEV,20/08/2021,$12.50,P,$0.45,DIFESA-OMNI,Per Unit,0.05,0,0,0,$0.0500,500,0.43,52.3575
7/21/2021,DSmanik,WEX-SWEEP,BYO,4,LEV,LEV,20/08/2021,$12.50,P,$0.45,DIFESA-OMNI,Per Unit,0.05,0,0,0,$0.2000,500,0.43,52.3575
7/21/2021,DSmanik,WEX-SWEEP,BYO,35,LEV,LEV,20/08/2021,$12.50,P,$0.45,DIFESA-OMNI,Per Unit,0.05,0,0.85,0,$31.5000,500,0.43,52.3575
7/21/2021,DSmanik,WEX-SWEEP,BYO,5,LEV,LEV,20/08/2021,$12.50,P,$0.45,DIFESA-OMNI,Per Unit,0.05,0,0.85,0,$4.5000,500,0.43,52.3575
7/21/2021,DSmanik,WEX-SWEEP,BYO,8,LEV,LEV,20/08/2021,$12.50,P,$0.45,DIFESA-OMNI,Per Unit,0.05,0,0.0025,0,$0.4200,500,0.43,52.3575
7/21/2021,DSmanik,WEX-SWEEP,BYO,1,LEV,LEV,20/08/2021,$12.50,P,$0.45,DIFESA-OMNI,Per Unit,0.05,0,0,0,$0.0500,500,0.43,52.3575
7/21/2021,DSmanik,WEX-SWEEP,BYO,1,LEV,LEV,20/08/2021,$12.50,P,$0.45,DIFESA-OMNI,Per Unit,0.05,0,0,0,$0.0500,500,0.43,52.3575
7/21/2021,DSmanik,WEX-SWEEP,BYO,18,LEV,LEV,20/08/2021,$12.50,P,$0.45,DIFESA-OMNI,Per Unit,0.05,0,0.85,0,$16.2000,500,0.43,52.3575
7/21/2021,DSmanik,WEX-SWEEP,BYO,10,LEV,LEV,20/08/2021,$12.50,P,$0.45,DIFESA-OMNI,Per Unit,0.05,0,0.85,0,$9.0000,500,0.43,52.3575
7/21/2021,DSmanik,WEX-SWEEP,BYO,3,LEV,LEV,20/08/2021,$12.50,P,$0.45,DIFESA-OMNI,Per Unit,0.05,0,0.85,0,$2.7000,500,0.43,52.3575
7/21/2021,DSmanik,WEX-SWEEP,BYO,2,LEV,LEV,20/08/2021,$12.50,P,$0.45,DIFESA-OMNI,Per Unit,0.05,0,0.85,0,$1.8000,500,0.43,52.3575
7/21/2021,DSmanik,WEX-SWEEP,BYO,5,LEV,LEV,20/08/2021,$12.50,P,$0.45,DIFESA-OMNI,Per Unit,0.05,0,0.85,0,$4.5000,500,0.43,52.3575
7/27/2021,DSmanik,ISE-OPT,SLO,5,SPCE,SPCE,21/01/2022,$24.00,P,$4.55,BNP,Per Unit,0.05,0,0,0,$0.2500,800,4.53,40
7/27/2021,DSmanik,ISE-OPT,SLO,1,SPCE,SPCE,21/01/2022,$24.00,P,$4.55,BNP,Per Unit,0.05,0,0,0,$0.0500,800,4.53,40
7/27/2021,DSmanik,ISE-OPT,SLO,6,SPCE,SPCE,21/01/2022,$24.00,P,$4.55,BNP,Per Unit,0.05,0,0,0,$0.3000,800,4.53,40
7/27/2021,DSmanik,ISE-OPT,SLO,16,SPCE,SPCE,21/01/2022,$24.00,P,$4.60,BNP,Per Unit,0.05,0,0,0,$0.8000,800,4.53,40
7/27/2021,DSmanik,ISE-OPT,SLO,4,SPCE,SPCE,21/01/2022,$24.00,P,$4.55,BNP,Per Unit,0.05,0,0,0,$0.2000,800,4.53,40
7/27/2021,DSmanik,ISE-OPT,SLO,4,SPCE,SPCE,21/01/2022,$24.00,P,$4.55,BNP,Per Unit,0.05,0,0,0,$0.2000,800,4.53,40
7/27/2021,DSmanik,ISE-OPT,SLO,1,SPCE,SPCE,21/01/2022,$24.00,P,$4.55,BNP,Per Unit,0.05,0,0,0,$0.0500,800,4.53,40
7/27/2021,DSmanik,ISE-OPT,SLO,1,SPCE,SPCE,21/01/2022,$24.00,P,$4.55,BNP,Per Unit,0.05,0,0,0,$0.0500,800,4.53,40
7/27/2021,DSmanik,ISE-OPT,SLO,6,SPCE,SPCE,21/01/2022,$24.00,P,$4.55,BNP,Per Unit,0.05,0,0,0,$0.3000,800,4.53,40
7/27/2021,DSmanik,ISE-OPT,SLO,1,SPCE,SPCE,21/01/2022,$24.00,P,$4.55,BNP,Per Unit,0.05,0,0,0,$0.0500,800,4.53,40
7/27/2021,DSmanik,ISE-OPT,SLO,3,SPCE,SPCE,21/01/2022,$24.00,P,$4.55,BNP,Per Unit,0.05,0,0,0,$0.1500,800,4.53,40
7/27/2021,DSmanik,ISE-OPT,SLO,4,SPCE,SPCE,21/01/2022,$24.00,P,$4.55,BNP,Per Unit,0.05,0,0,0,$0.2000,800,4.53,40
7/27/2021,DSmanik,ISE-OPT,SLO,2,SPCE,SPCE,21/01/2022,$24.00,P,$4.55,BNP,Per Unit,0.05,0,0,0,$0.1000,800,4.53,40
7/27/2021,DSmanik,ISE-OPT,SLO,1,SPCE,SPCE,21/01/2022,$24.00,P,$4.55,BNP,Per Unit,0.05,0,0,0,$0.0500,800,4.53,40
7/27/2021,DSmanik,ISE-OPT,SLO,13,SPCE,SPCE,21/01/2022,$24.00,P,$4.55,BNP,Per Unit,0.05,0,0,0,$0.6500,800,4.53,40
7/27/2021,DSmanik,ISE-OPT,SLO,8,SPCE,SPCE,21/01/2022,$24.00,P,$4.55,BNP,Per Unit,0.05,0,0,0,$0.4000,800,4.53,40
7/27/2021,DSmanik,ISE-OPT,SLO,8,SPCE,SPCE,21/01/2022,$24.00,P,$4.55,BNP,Per Unit,0.05,0,0,0,$0.4000,800,4.53,40
7/27/2021,DSmanik,ISE-OPT,SLO,4,SPCE,SPCE,21/01/2022,$24.00,P,$4.55,BNP,Per Unit,0.05,0,0,0,$0.2000,800,4.53,40
7/27/2021,DSmanik,ISE-OPT,SLO,1,SPCE,SPCE,21/01/2022,$24.00,P,$4.55,BNP,Per Unit,0.05,0,0,0,$0.0500,800,4.53,40
7/27/2021,DSmanik,ISE-OPT,SLO,1,SPCE,SPCE,21/01/2022,$24.00,P,$4.55,BNP,Per Unit,0.05,0,0,0,$0.0500,800,4.53,40
7/27/2021,DSmanik,ISE-OPT,SLO,2,SPCE,SPCE,21/01/2022,$24.00,P,$4.55,BNP,Per Unit,0.05,0,0,0,$0.1000,800,4.53,40
7/27/2021,DSmanik,ISE-OPT,SLO,4,SPCE,SPCE,21/01/2022,$24.00,P,$4.60,BNP,Per Unit,0.05,0,0,0,$0.2000,800,4.53,40
7/27/2021,DSmanik,ISE-OPT,SLO,1,SPCE,SPCE,21/01/2022,$24.00,P,$4.55,BNP,Per Unit,0.05,0,0,0,$0.0500,800,4.53,40
7/27/2021,DSmanik,ISE-OPT,SLO,3,SPCE,SPCE,21/01/2022,$24.00,P,$4.55,BNP,Per Unit,0.05,0,0,0,$0.1500,800,4.53,40
7/27/2021,DSmanik,ISE-OPT,SLO,8,SPCE,SPCE,21/01/2022,$24.00,P,$4.55,BNP,Per Unit,0.05,0,0,0,$0.4000,800,4.53,40
7/27/2021,DSmanik,ISE-OPT,SLO,1,SPCE,SPCE,21/01/2022,$24.00,P,$4.55,BNP,Per Unit,0.05,0,0,0,$0.0500,800,4.53,40
7/27/2021,DSmanik,ISE-OPT,SLO,3,SPCE,SPCE,21/01/2022,$24.00,P,$4.55,BNP,Per Unit,0.05,0,0,0,$0.1500,800,4.53,40
7/27/2021,DSmanik,ISE-OPT,SLO,1,SPCE,SPCE,21/01/2022,$24.00,P,$4.55,BNP,Per Unit,0.05,0,0,0,$0.0500,800,4.53,40
7/27/2021,DSmanik,ISE-OPT,SLO,2,SPCE,SPCE,21/01/2022,$24.00,P,$4.55,BNP,Per Unit,0.05,0,0,0,$0.1000,800,4.53,40
7/27/2021,DSmanik,ISE-OPT,SLO,1,SPCE,SPCE,21/01/2022,$24.00,P,$4.55,BNP,Per Unit,0.05,0,0,0,$0.0500,800,4.53,40
7/27/2021,DSmanik,ISE-OPT,SLO,8,SPCE,SPCE,21/01/2022,$24.00,P,$4.55,BNP,Per Unit,0.05,0,0,0,$0.4000,800,4.53,40
7/27/2021,DSmanik,ISE-OPT,SLO,4,SPCE,SPCE,21/01/2022,$24.00,P,$4.55,BNP,Per Unit,0.05,0,0,0,$0.2000,800,4.53,40
7/27/2021,DSmanik,ISE-OPT,SLO,1,SPCE,SPCE,21/01/2022,$24.00,P,$4.55,BNP,Per Unit,0.05,0,0,0,$0.0500,800,4.53,40
7/27/2021,DSmanik,ISE-OPT,SLO,2,SPCE,SPCE,21/01/2022,$24.00,P,$4.55,BNP,Per Unit,0.05,0,0,0,$0.1000,800,4.53,40
7/27/2021,DSmanik,ISE-OPT,SLO,1,SPCE,SPCE,21/01/2022,$24.00,P,$4.55,BNP,Per Unit,0.05,0,0,0,$0.0500,800,4.53,40
7/27/2021,DSmanik,ISE-OPT,SLO,5,SPCE,SPCE,21/01/2022,$24.00,P,$4.55,BNP,Per Unit,0.05,0,0,0,$0.2500,800,4.53,40
7/27/2021,DSmanik,ISE-OPT,SLO,3,SPCE,SPCE,21/01/2022,$24.00,P,$4.55,BNP,Per Unit,0.05,0,0,0,$0.1500,800,4.53,40
7/27/2021,DSmanik,ISE-OPT,SLO,4,SPCE,SPCE,21/01/2022,$24.00,P,$4.55,BNP,Per Unit,0.05,0,0,0,$0.2000,800,4.53,40
7/27/2021,DSmanik,ISE-OPT,SLO,3,SPCE,SPCE,21/01/2022,$24.00,P,$4.56,BNP,Per Unit,0.05,0,0,0,$0.1500,800,4.53,40
7/27/2021,DSmanik,ISE-OPT,SLO,1,SPCE,SPCE,21/01/2022,$24.00,P,$4.55,BNP,Per Unit,0.05,0,0,0,$0.0500,800,4.53,40
7/27/2021,DSmanik,ISE-OPT,SLO,4,SPCE,SPCE,21/01/2022,$24.00,P,$4.55,BNP,Per Unit,0.05,0,0,0,$0.2000,800,4.53,40
7/27/2021,DSmanik,ISE-OPT,SLO,6,SPCE,SPCE,21/01/2022,$24.00,P,$4.55,BNP,Per Unit,0.05,0,0,0,$0.3000,800,4.53,40
7/27/2021,DSmanik,ISE-OPT,SLO,4,SPCE,SPCE,21/01/2022,$24.00,P,$4.55,BNP,Per Unit,0.05,0,0,0,$0.2000,800,4.53,40
7/27/2021,DSmanik,ISE-OPT,SLO,2,SPCE,SPCE,21/01/2022,$24.00,P,$4.55,BNP,Per Unit,0.05,0,0,0,$0.1000,800,4.53,40
7/27/2021,DSmanik,ISE-OPT,SLO,4,SPCE,SPCE,21/01/2022,$24.00,P,$4.55,BNP,Per Unit,0.05,0,0,0,$0.2000,800,4.53,40
7/27/2021,DSmanik,ISE-OPT,SLO,8,SPCE,SPCE,21/01/2022,$24.00,P,$4.55,BNP,Per Unit,0.05,0,0,0,$0.4000,800,4.53,40
7/27/2021,DSmanik,ISE-OPT,SLO,3,SPCE,SPCE,21/01/2022,$24.00,P,$4.55,BNP,Per Unit,0.05,0,0,0,$0.1500,800,4.53,40
7/27/2021,DSmanik,ISE-OPT,SLO,1,SPCE,SPCE,21/01/2022,$24.00,P,$4.55,BNP,Per Unit,0.05,0,0,0,$0.0500,800,4.53,40
7/27/2021,DSmanik,ISE-OPT,SLO,1,SPCE,SPCE,21/01/2022,$24.00,P,$4.55,BNP,Per Unit,0.05,0,0,0,$0.0500,800,4.53,40
7/27/2021,DSmanik,ISE-OPT,SLO,3,SPCE,SPCE,21/01/2022,$24.00,P,$4.55,BNP,Per Unit,0.05,0,0,0,$0.1500,800,4.53,40
7/27/2021,DSmanik,ISE-OPT,SLO,4,SPCE,SPCE,21/01/2022,$24.00,P,$4.55,BNP,Per Unit,0.05,0,0,0,$0.2000,800,4.53,40
7/27/2021,DSmanik,ISE-OPT,SLO,1,SPCE,SPCE,21/01/2022,$24.00,P,$4.55,BNP,Per Unit,0.05,0,0,0,$0.0500,800,4.53,40
7/27/2021,DSmanik,ISE-OPT,SLO,4,SPCE,SPCE,21/01/2022,$24.00,P,$4.55,BNP,Per Unit,0.05,0,0,0,$0.2000,800,4.53,40
7/27/2021,DSmanik,ISE-OPT,SLO,3,SPCE,SPCE,21/01/2022,$24.00,P,$4.55,BNP,Per Unit,0.05,0,0,0,$0.1500,800,4.53,40
7/27/2021,DSmanik,ISE-OPT,SLO,3,SPCE,SPCE,21/01/2022,$24.00,P,$4.55,BNP,Per Unit,0.05,0,0,0,$0.1500,800,4.53,40
7/27/2021,DSmanik,ISE-OPT,SLO,1,SPCE,SPCE,21/01/2022,$24.00,P,$4.55,BNP,Per Unit,0.05,0,0,0,$0.0500,800,4.53,40
7/27/2021,DSmanik,ISE-OPT,SLO,4,SPCE,SPCE,21/01/2022,$24.00,P,$4.55,BNP,Per Unit,0.05,0,0,0,$0.2000,800,4.53,40
7/27/2021,DSmanik,ISE-OPT,SLO,4,SPCE,SPCE,21/01/2022,$24.00,P,$4.55,BNP,Per Unit,0.05,0,0,0,$0.2000,800,4.53,40
7/27/2021,DSmanik,ISE-OPT,SLO,1,SPCE,SPCE,21/01/2022,$24.00,P,$4.55,BNP,Per Unit,0.05,0,0,0,$0.0500,800,4.53,40
7/27/2021,DSmanik,ISE-OPT,SLO,3,SPCE,SPCE,21/01/2022,$24.00,P,$4.55,BNP,Per Unit,0.05,0,0,0,$0.1500,800,4.53,40
7/27/2021,DSmanik,ISE-OPT,SLO,12,SPCE,SPCE,21/01/2022,$24.00,P,$4.55,BNP,Per Unit,0.05,0,0,0,$0.6000,800,4.53,40
7/27/2021,DSmanik,ISE-OPT,SLO,4,SPCE,SPCE,21/01/2022,$24.00,P,$4.55,BNP,Per Unit,0.05,0,0,0,$0.2000,800,4.53,40
7/27/2021,DSmanik,ISE-OPT,SLO,3,SPCE,SPCE,21/01/2022,$24.00,P,$4.55,BNP,Per Unit,0.05,0,0,0,$0.1500,800,4.53,40
7/27/2021,DSmanik,ISE-OPT,SLO,1,SPCE,SPCE,21/01/2022,$24.00,P,$4.55,BNP,Per Unit,0.05,0,0,0,$0.0500,800,4.53,40
7/27/2021,DSmanik,ISE-OPT,SLO,1,SPCE,SPCE,21/01/2022,$24.00,P,$4.55,BNP,Per Unit,0.05,0,0,0,$0.0500,800,4.53,40
7/27/2021,DSmanik,ISE-OPT,SLO,3,SPCE,SPCE,21/01/2022,$24.00,P,$4.55,BNP,Per Unit,0.05,0,0,0,$0.1500,800,4.53,40
7/27/2021,DSmanik,ISE-OPT,SLO,4,SPCE,SPCE,21/01/2022,$24.00,P,$4.55,BNP,Per Unit,0.05,0,0,0,$0.2000,800,4.53,40
7/27/2021,DSmanik,ISE-OPT,SLO,4,SPCE,SPCE,21/01/2022,$24.00,P,$4.55,BNP,Per Unit,0.05,0,0,0,$0.2000,800,4.53,40
7/27/2021,DSmanik,ISE-OPT,SLO,1,SPCE,SPCE,21/01/2022,$24.00,P,$4.55,BNP,Per Unit,0.05,0,0,0,$0.0500,800,4.53,40
7/27/2021,DSmanik,ISE-OPT,SLO,3,SPCE,SPCE,21/01/2022,$24.00,P,$4.55,BNP,Per Unit,0.05,0,0,0,$0.1500,800,4.53,40
7/27/2021,DSmanik,ISE-OPT,SLO,4,SPCE,SPCE,21/01/2022,$24.00,P,$4.55,BNP,Per Unit,0.05,0,0,0,$0.2000,800,4.53,40
7/27/2021,DSmanik,ISE-OPT,SLO,3,SPCE,SPCE,21/01/2022,$24.00,P,$4.55,BNP,Per Unit,0.05,0,0,0,$0.1500,800,4.53,40
7/27/2021,DSmanik,ISE-OPT,SLO,1,SPCE,SPCE,21/01/2022,$24.00,P,$4.55,BNP,Per Unit,0.05,0,0,0,$0.0500,800,4.53,40
7/27/2021,DSmanik,ISE-OPT,SLO,8,SPCE,SPCE,21/01/2022,$24.00,P,$4.55,BNP,Per Unit,0.05,0,0,0,$0.4000,800,4.53,40
7/27/2021,DSmanik,ISE-OPT,SLO,1,SPCE,SPCE,21/01/2022,$24.00,P,$4.55,BNP,Per Unit,0.05,0,0,0,$0.0500,800,4.53,40
7/27/2021,DSmanik,ISE-OPT,SLO,6,SPCE,SPCE,21/01/2022,$24.00,P,$4.55,BNP,Per Unit,0.05,0,0,0,$0.3000,800,4.53,40
7/27/2021,DSmanik,ISE-OPT,SLO,1,SPCE,SPCE,21/01/2022,$24.00,P,$4.55,BNP,Per Unit,0.05,0,0,0,$0.0500,800,4.53,40
7/27/2021,DSmanik,ISE-OPT,SLO,8,SPCE,SPCE,21/01/2022,$24.00,P,$4.55,BNP,Per Unit,0.05,0,0,0,$0.4000,800,4.53,40
7/27/2021,DSmanik,ISE-OPT,SLO,4,SPCE,SPCE,21/01/2022,$24.00,P,$4.55,BNP,Per Unit,0.05,0,0,0,$0.2000,800,4.53,40
7/27/2021,DSmanik,ISE-OPT,SLO,12,SPCE,SPCE,21/01/2022,$24.00,P,$4.55,BNP,Per Unit,0.05,0,0,0,$0.6000,800,4.53,40
7/27/2021,DSmanik,ISE-OPT,SLO,1,SPCE,SPCE,21/01/2022,$24.00,P,$4.55,BNP,Per Unit,0.05,0,0,0,$0.0500,800,4.53,40
7/27/2021,DSmanik,ISE-OPT,SLO,3,SPCE,SPCE,21/01/2022,$24.00,P,$4.55,BNP,Per Unit,0.05,0,0,0,$0.1500,800,4.53,40
7/27/2021,DSmanik,ISE-OPT,SLO,1,SPCE,SPCE,21/01/2022,$24.00,P,$4.55,BNP,Per Unit,0.05,0,0,0,$0.0500,800,4.53,40
7/27/2021,DSmanik,ISE-OPT,SLO,3,SPCE,SPCE,21/01/2022,$24.00,P,$4.55,BNP,Per Unit,0.05,0,0,0,$0.1500,800,4.53,40
7/27/2021,DSmanik,ISE-OPT,SLO,3,SPCE,SPCE,21/01/2022,$24.00,P,$4.55,BNP,Per Unit,0.05,0,0,0,$0.1500,800,4.53,40
7/27/2021,DSmanik,ISE-OPT,SLO,1,SPCE,SPCE,21/01/2022,$24.00,P,$4.55,BNP,Per Unit,0.05,0,0,0,$0.0500,800,4.53,40
7/27/2021,DSmanik,ISE-OPT,SLO,12,SPCE,SPCE,21/01/2022,$24.00,P,$4.55,BNP,Per Unit,0.05,0,0,0,$0.6000,800,4.53,40
7/27/2021,DSmanik,ISE-OPT,SLO,4,SPCE,SPCE,21/01/2022,$24.00,P,$4.55,BNP,Per Unit,0.05,0,0,0,$0.2000,800,4.53,40
7/27/2021,DSmanik,ISE-OPT,SLO,4,SPCE,SPCE,21/01/2022,$24.00,P,$4.55,BNP,Per Unit,0.05,0,0,0,$0.2000,800,4.53,40
7/27/2021,DSmanik,ISE-OPT,SLO,16,SPCE,SPCE,21/01/2022,$24.00,P,$4.55,BNP,Per Unit,0.05,0,0,0,$0.8000,800,4.53,40
7/27/2021,DSmanik,ISE-OPT,SLO,1,SPCE,SPCE,21/01/2022,$24.00,P,$4.55,BNP,Per Unit,0.05,0,0,0,$0.0500,800,4.53,40
7/27/2021,DSmanik,ISE-OPT,SLO,1,SPCE,SPCE,21/01/2022,$24.00,P,$4.55,BNP,Per Unit,0.05,0,0,0,$0.0500,800,4.53,40
7/27/2021,DSmanik,ISE-OPT,SLO,6,SPCE,SPCE,21/01/2022,$24.00,P,$4.55,BNP,Per Unit,0.05,0,0,0,$0.3000,800,4.53,40
7/27/2021,DSmanik,ISE-OPT,SLO,3,SPCE,SPCE,21/01/2022,$24.00,P,$4.55,BNP,Per Unit,0.05,0,0,0,$0.1500,800,4.53,40
7/27/2021,DSmanik,ISE-OPT,SLO,1,SPCE,SPCE,21/01/2022,$24.00,P,$4.55,BNP,Per Unit,0.05,0,0,0,$0.0500,800,4.53,40
7/27/2021,DSmanik,ISE-OPT,SLO,8,SPCE,SPCE,21/01/2022,$24.00,P,$4.55,BNP,Per Unit,0.05,0,0,0,$0.4000,800,4.53,40
7/27/2021,DSmanik,ISE-OPT,SLO,4,SPCE,SPCE,21/01/2022,$24.00,P,$4.55,BNP,Per Unit,0.05,0,0,0,$0.2000,800,4.53,40
7/27/2021,DSmanik,ISE-OPT,SLO,1,SPCE,SPCE,21/01/2022,$24.00,P,$4.55,BNP,Per Unit,0.05,0,0,0,$0.0500,800,4.53,40
7/27/2021,DSmanik,ISE-OPT,SLO,5,SPCE,SPCE,21/01/2022,$24.00,P,$4.55,BNP,Per Unit,0.05,0,0,0,$0.2500,800,4.53,40
7/27/2021,DSmanik,ISE-OPT,SLO,2,SPCE,SPCE,21/01/2022,$24.00,P,$4.55,BNP,Per Unit,0.05,0,0,0,$0.1000,800,4.53,40
7/27/2021,DSmanik,ISE-OPT,SLO,4,SPCE,SPCE,21/01/2022,$24.00,P,$4.55,BNP,Per Unit,0.05,0,0,0,$0.2000,800,4.53,40
7/27/2021,DSmanik,ISE-OPT,SLO,8,SPCE,SPCE,21/01/2022,$24.00,P,$4.55,BNP,Per Unit,0.05,0,0,0,$0.4000,800,4.53,40
7/27/2021,DSmanik,ISE-OPT,SLO,8,SPCE,SPCE,21/01/2022,$24.00,P,$4.55,BNP,Per Unit,0.05,0,0,0,$0.4000,800,4.53,40
7/27/2021,DSmanik,ISE-OPT,SLO,8,SPCE,SPCE,21/01/2022,$24.00,P,$4.55,BNP,Per Unit,0.05,0,0,0,$0.4000,800,4.53,40
7/27/2021,DSmanik,ISE-OPT,SLO,1,SPCE,SPCE,21/01/2022,$24.00,P,$4.55,BNP,Per Unit,0.05,0,0,0,$0.0500,800,4.53,40
7/27/2021,DSmanik,ISE-OPT,SLO,1,SPCE,SPCE,21/01/2022,$24.00,P,$4.55,BNP,Per Unit,0.05,0,0,0,$0.0500,800,4.53,40
7/27/2021,DSmanik,ISE-OPT,SLO,2,SPCE,SPCE,21/01/2022,$24.00,P,$4.55,BNP,Per Unit,0.05,0,0,0,$0.1000,800,4.53,40
7/27/2021,DSmanik,ISE-OPT,SLO,3,SPCE,SPCE,21/01/2022,$24.00,P,$4.55,BNP,Per Unit,0.05,0,0,0,$0.1500,800,4.53,40
7/27/2021,DSmanik,ISE-OPT,SLO,1,SPCE,SPCE,21/01/2022,$24.00,P,$4.55,BNP,Per Unit,0.05,0,0,0,$0.0500,800,4.53,40
7/27/2021,DSmanik,ISE-OPT,SLO,24,SPCE,SPCE,21/01/2022,$24.00,P,$4.55,BNP,Per Unit,0.05,0,0,0,$1.2000,800,4.53,40
7/27/2021,DSmanik,ISE-OPT,SLO,4,SPCE,SPCE,21/01/2022,$24.00,P,$4.55,BNP,Per Unit,0.05,0,0,0,$0.2000,800,4.53,40
7/27/2021,DSmanik,ISE-OPT,SLO,4,SPCE,SPCE,21/01/2022,$24.00,P,$4.55,BNP,Per Unit,0.05,0,0,0,$0.2000,800,4.53,40
7/27/2021,DSmanik,ISE-OPT,SLO,1,SPCE,SPCE,21/01/2022,$24.00,P,$4.55,BNP,Per Unit,0.05,0,0,0,$0.0500,800,4.53,40
7/27/2021,DSmanik,ISE-OPT,SLO,3,SPCE,SPCE,21/01/2022,$24.00,P,$4.55,BNP,Per Unit,0.05,0,0,0,$0.1500,800,4.53,40
7/27/2021,DSmanik,ISE-OPT,SLO,4,SPCE,SPCE,21/01/2022,$24.00,P,$4.55,BNP,Per Unit,0.05,0,0,0,$0.2000,800,4.53,40
7/27/2021,DSmanik,ISE-OPT,SLO,4,SPCE,SPCE,21/01/2022,$24.00,P,$4.55,BNP,Per Unit,0.05,0,0,0,$0.2000,800,4.53,40
7/27/2021,DSmanik,ISE-OPT,SLO,12,SPCE,SPCE,21/01/2022,$24.00,P,$4.55,BNP,Per Unit,0.05,0,0,0,$0.6000,800,4.53,40
7/27/2021,DSmanik,ISE-OPT,SLO,1,SPCE,SPCE,21/01/2022,$24.00,P,$4.55,BNP,Per Unit,0.05,0,0,0,$0.0500,800,4.53,40
7/27/2021,DSmanik,ISE-OPT,SLO,3,SPCE,SPCE,21/01/2022,$24.00,P,$4.55,BNP,Per Unit,0.05,0,0,0,$0.1500,800,4.53,40
7/27/2021,DSmanik,ISE-OPT,SLO,4,SPCE,SPCE,21/01/2022,$24.00,P,$4.55,BNP,Per Unit,0.05,0,0,0,$0.2000,800,4.53,40
7/27/2021,DSmanik,ISE-OPT,SLO,7,SPCE,SPCE,21/01/2022,$24.00,P,$4.55,BNP,Per Unit,0.05,0,0,0,$0.3500,800,4.53,40
7/27/2021,DSmanik,ISE-OPT,SLO,1,SPCE,SPCE,21/01/2022,$24.00,P,$4.55,BNP,Per Unit,0.05,0,0,0,$0.0500,800,4.53,40
7/27/2021,DSmanik,ISE-OPT,SLO,6,SPCE,SPCE,21/01/2022,$24.00,P,$4.55,BNP,Per Unit,0.05,0,0,0,$0.3000,800,4.53,40
7/27/2021,DSmanik,ISE-OPT,SLO,2,SPCE,SPCE,21/01/2022,$24.00,P,$4.55,BNP,Per Unit,0.05,0,0,0,$0.1000,800,4.53,40
7/27/2021,DSmanik,ISE-OPT,SLO,4,SPCE,SPCE,21/01/2022,$24.00,P,$4.55,BNP,Per Unit,0.05,0,0,0,$0.2000,800,4.53,40
7/27/2021,DSmanik,ISE-OPT,SLO,4,SPCE,SPCE,21/01/2022,$24.00,P,$4.55,BNP,Per Unit,0.05,0,0,0,$0.2000,800,4.53,40
7/27/2021,DSmanik,ISE-OPT,SLO,16,SPCE,SPCE,21/01/2022,$24.00,P,$4.50,BNP,Per Unit,0.05,0,0,0,$0.8000,800,4.53,40
7/27/2021,DSmanik,ISE-OPT,SLO,16,SPCE,SPCE,21/01/2022,$24.00,P,$4.50,BNP,Per Unit,0.05,0,0,0,$0.8000,800,4.53,40
7/27/2021,DSmanik,ISE-OPT,SLO,3,SPCE,SPCE,21/01/2022,$24.00,P,$4.50,BNP,Per Unit,0.05,0,0,0,$0.1500,800,4.53,40
7/27/2021,DSmanik,ISE-OPT,SLO,1,SPCE,SPCE,21/01/2022,$24.00,P,$4.50,BNP,Per Unit,0.05,0,0,0,$0.0500,800,4.53,40
7/27/2021,DSmanik,ISE-OPT,SLO,1,SPCE,SPCE,21/01/2022,$24.00,P,$4.50,BNP,Per Unit,0.05,0,0,0,$0.0500,800,4.53,40
7/27/2021,DSmanik,ISE-OPT,SLO,7,SPCE,SPCE,21/01/2022,$24.00,P,$4.50,BNP,Per Unit,0.05,0,0,0,$0.3500,800,4.53,40
7/27/2021,DSmanik,ISE-OPT,SLO,8,SPCE,SPCE,21/01/2022,$24.00,P,$4.50,BNP,Per Unit,0.05,0,0,0,$0.4000,800,4.53,40
7/27/2021,DSmanik,ISE-OPT,SLO,1,SPCE,SPCE,21/01/2022,$24.00,P,$4.50,BNP,Per Unit,0.05,0,0,0,$0.0500,800,4.53,40
7/27/2021,DSmanik,ISE-OPT,SLO,3,SPCE,SPCE,21/01/2022,$24.00,P,$4.50,BNP,Per Unit,0.05,0,0,0,$0.1500,800,4.53,40
7/27/2021,DSmanik,ISE-OPT,SLO,4,SPCE,SPCE,21/01/2022,$24.00,P,$4.50,BNP,Per Unit,0.05,0,0,0,$0.2000,800,4.53,40
7/27/2021,DSmanik,ISE-OPT,SLO,1,SPCE,SPCE,21/01/2022,$24.00,P,$4.50,BNP,Per Unit,0.05,0,0,0,$0.0500,800,4.53,40
7/27/2021,DSmanik,ISE-OPT,SLO,1,SPCE,SPCE,21/01/2022,$24.00,P,$4.50,BNP,Per Unit,0.05,0,0,0,$0.0500,800,4.53,40
7/27/2021,DSmanik,ISE-OPT,SLO,1,SPCE,SPCE,21/01/2022,$24.00,P,$4.50,BNP,Per Unit,0.05,0,0,0,$0.0500,800,4.53,40
7/27/2021,DSmanik,ISE-OPT,SLO,1,SPCE,SPCE,21/01/2022,$24.00,P,$4.50,BNP,Per Unit,0.05,0,0,0,$0.0500,800,4.53,40
7/27/2021,DSmanik,ISE-OPT,SLO,4,SPCE,SPCE,21/01/2022,$24.00,P,$4.50,BNP,Per Unit,0.05,0,0,0,$0.2000,800,4.53,40
7/27/2021,DSmanik,ISE-OPT,SLO,1,SPCE,SPCE,21/01/2022,$24.00,P,$4.50,BNP,Per Unit,0.05,0,0,0,$0.0500,800,4.53,40
7/27/2021,DSmanik,ISE-OPT,SLO,3,SPCE,SPCE,21/01/2022,$24.00,P,$4.50,BNP,Per Unit,0.05,0,0,0,$0.1500,800,4.53,40
7/27/2021,DSmanik,ISE-OPT,SLO,2,SPCE,SPCE,21/01/2022,$24.00,P,$4.50,BNP,Per Unit,0.05,0,0,0,$0.1000,800,4.53,40
7/27/2021,DSmanik,ISE-OPT,SLO,2,SPCE,SPCE,21/01/2022,$24.00,P,$4.50,BNP,Per Unit,0.05,0,0,0,$0.1000,800,4.53,40
7/27/2021,DSmanik,ISE-OPT,SLO,3,SPCE,SPCE,21/01/2022,$24.00,P,$4.50,BNP,Per Unit,0.05,0,0,0,$0.1500,800,4.53,40
7/27/2021,DSmanik,ISE-OPT,SLO,13,SPCE,SPCE,21/01/2022,$24.00,P,$4.50,BNP,Per Unit,0.05,0,0,0,$0.6500,800,4.53,40
7/27/2021,DSmanik,ISE-OPT,SLO,12,SPCE,SPCE,21/01/2022,$24.00,P,$4.50,BNP,Per Unit,0.05,0,0,0,$0.6000,800,4.53,40
7/27/2021,DSmanik,ISE-OPT,SLO,1,SPCE,SPCE,21/01/2022,$24.00,P,$4.50,BNP,Per Unit,0.05,0,0,0,$0.0500,800,4.53,40
7/27/2021,DSmanik,ISE-OPT,SLO,7,SPCE,SPCE,21/01/2022,$24.00,P,$4.50,BNP,Per Unit,0.05,0,0,0,$0.3500,800,4.53,40
7/27/2021,DSmanik,ISE-OPT,SLO,7,SPCE,SPCE,21/01/2022,$24.00,P,$4.50,BNP,Per Unit,0.05,0,0,0,$0.3500,800,4.53,40
7/27/2021,DSmanik,ISE-OPT,SLO,1,SPCE,SPCE,21/01/2022,$24.00,P,$4.50,BNP,Per Unit,0.05,0,0,0,$0.0500,800,4.53,40
7/27/2021,DSmanik,ISE-OPT,SLO,4,SPCE,SPCE,21/01/2022,$24.00,P,$4.50,BNP,Per Unit,0.05,0,0,0,$0.2000,800,4.53,40
7/27/2021,DSmanik,ISE-OPT,SLO,1,SPCE,SPCE,21/01/2022,$24.00,P,$4.50,BNP,Per Unit,0.05,0,0,0,$0.0500,800,4.53,40
7/27/2021,DSmanik,ISE-OPT,SLO,2,SPCE,SPCE,21/01/2022,$24.00,P,$4.50,BNP,Per Unit,0.05,0,0,0,$0.1000,800,4.53,40
7/27/2021,DSmanik,ISE-OPT,SLO,1,SPCE,SPCE,21/01/2022,$24.00,P,$4.50,BNP,Per Unit,0.05,0,0,0,$0.0500,800,4.53,40
7/27/2021,DSmanik,ISE-OPT,SLO,4,SPCE,SPCE,21/01/2022,$24.00,P,$4.50,BNP,Per Unit,0.05,0,0,0,$0.2000,800,4.53,40
7/27/2021,DSmanik,ISE-OPT,SLO,1,SPCE,SPCE,21/01/2022,$24.00,P,$4.50,BNP,Per Unit,0.05,0,0,0,$0.0500,800,4.53,40
7/27/2021,DSmanik,ISE-OPT,SLO,2,SPCE,SPCE,21/01/2022,$24.00,P,$4.50,BNP,Per Unit,0.05,0,0,0,$0.1000,800,4.53,40
7/27/2021,DSmanik,ISE-OPT,SLO,1,SPCE,SPCE,21/01/2022,$24.00,P,$4.50,BNP,Per Unit,0.05,0,0,0,$0.0500,800,4.53,40
7/27/2021,DSmanik,ISE-OPT,SLO,4,SPCE,SPCE,21/01/2022,$24.00,P,$4.50,BNP,Per Unit,0.05,0,0,0,$0.2000,800,4.53,40
7/27/2021,DSmanik,ISE-OPT,SLO,8,SPCE,SPCE,21/01/2022,$24.00,P,$4.50,BNP,Per Unit,0.05,0,0,0,$0.4000,800,4.53,40
7/27/2021,DSmanik,ISE-OPT,SLO,1,SPCE,SPCE,21/01/2022,$24.00,P,$4.50,BNP,Per Unit,0.05,0,0,0,$0.0500,800,4.53,40
7/27/2021,DSmanik,ISE-OPT,SLO,3,SPCE,SPCE,21/01/2022,$24.00,P,$4.50,BNP,Per Unit,0.05,0,0,0,$0.1500,800,4.53,40
7/27/2021,DSmanik,ISE-OPT,SLO,3,SPCE,SPCE,21/01/2022,$24.00,P,$4.50,BNP,Per Unit,0.05,0,0,0,$0.1500,800,4.53,40
7/27/2021,DSmanik,ISE-OPT,SLO,1,SPCE,SPCE,21/01/2022,$24.00,P,$4.50,BNP,Per Unit,0.05,0,0,0,$0.0500,800,4.53,40
7/27/2021,DSmanik,ISE-OPT,SLO,4,SPCE,SPCE,21/01/2022,$24.00,P,$4.50,BNP,Per Unit,0.05,0,0,0,$0.2000,800,4.53,40
7/27/2021,DSmanik,ISE-OPT,SLO,8,SPCE,SPCE,21/01/2022,$24.00,P,$4.50,BNP,Per Unit,0.05,0,0,0,$0.4000,800,4.53,40
7/27/2021,DSmanik,ISE-OPT,SLO,4,SPCE,SPCE,21/01/2022,$24.00,P,$4.50,BNP,Per Unit,0.05,0,0,0,$0.2000,800,4.53,40
7/27/2021,DSmanik,ISE-OPT,SLO,3,SPCE,SPCE,21/01/2022,$24.00,P,$4.50,BNP,Per Unit,0.05,0,0,0,$0.1500,800,4.53,40
7/27/2021,DSmanik,ISE-OPT,SLO,1,SPCE,SPCE,21/01/2022,$24.00,P,$4.50,BNP,Per Unit,0.05,0,0,0,$0.0500,800,4.53,40
7/27/2021,DSmanik,ISE-OPT,SLO,1,SPCE,SPCE,21/01/2022,$24.00,P,$4.50,BNP,Per Unit,0.05,0,0,0,$0.0500,800,4.53,40
7/27/2021,DSmanik,ISE-OPT,SLO,1,SPCE,SPCE,21/01/2022,$24.00,P,$4.50,BNP,Per Unit,0.05,0,0,0,$0.0500,800,4.53,40
7/27/2021,DSmanik,ISE-OPT,SLO,14,SPCE,SPCE,21/01/2022,$24.00,P,$4.50,BNP,Per Unit,0.05,0,0,0,$0.7000,800,4.53,40
7/27/2021,DSmanik,ISE-OPT,SLO,2,SPCE,SPCE,21/01/2022,$24.00,P,$4.50,BNP,Per Unit,0.05,0,0,0,$0.1000,800,4.53,40
7/27/2021,DSmanik,ISE-OPT,SLO,2,SPCE,SPCE,21/01/2022,$24.00,P,$4.50,BNP,Per Unit,0.05,0,0,0,$0.1000,800,4.53,40
7/27/2021,DSmanik,ISE-OPT,SLO,1,SPCE,SPCE,21/01/2022,$24.00,P,$4.50,BNP,Per Unit,0.05,0,0,0,$0.0500,800,4.53,40
7/27/2021,DSmanik,ISE-OPT,SLO,1,SPCE,SPCE,21/01/2022,$24.00,P,$4.50,BNP,Per Unit,0.05,0,0,0,$0.0500,800,4.53,40
7/27/2021,DSmanik,ISE-OPT,SLO,2,SPCE,SPCE,21/01/2022,$24.00,P,$4.50,BNP,Per Unit,0.05,0,0,0,$0.1000,800,4.53,40
7/27/2021,DSmanik,ISE-OPT,SLO,2,SPCE,SPCE,21/01/2022,$24.00,P,$4.50,BNP,Per Unit,0.05,0,0,0,$0.1000,800,4.53,40
7/27/2021,DSmanik,ISE-OPT,SLO,4,SPCE,SPCE,21/01/2022,$24.00,P,$4.50,BNP,Per Unit,0.05,0,0,0,$0.2000,800,4.53,40
7/27/2021,DSmanik,ISE-OPT,SLO,1,SPCE,SPCE,21/01/2022,$24.00,P,$4.50,BNP,Per Unit,0.05,0,0,0,$0.0500,800,4.53,40
7/27/2021,DSmanik,ISE-OPT,SLO,6,SPCE,SPCE,21/01/2022,$24.00,P,$4.50,BNP,Per Unit,0.05,0,0,0,$0.3000,800,4.53,40
7/27/2021,DSmanik,ISE-OPT,SLO,4,SPCE,SPCE,21/01/2022,$24.00,P,$4.50,BNP,Per Unit,0.05,0,0,0,$0.2000,800,4.53,40
7/27/2021,DSmanik,ISE-OPT,SLO,3,SPCE,SPCE,21/01/2022,$24.00,P,$4.50,BNP,Per Unit,0.05,0,0,0,$0.1500,800,4.53,40
7/27/2021,DSmanik,ISE-OPT,SLO,2,SPCE,SPCE,21/01/2022,$24.00,P,$4.50,BNP,Per Unit,0.05,0,0,0,$0.1000,800,4.53,40
7/27/2021,DSmanik,ISE-OPT,SLO,1,SPCE,SPCE,21/01/2022,$24.00,P,$4.50,BNP,Per Unit,0.05,0,0,0,$0.0500,800,4.53,40
7/27/2021,DSmanik,ISE-OPT,SLO,6,SPCE,SPCE,21/01/2022,$24.00,P,$4.50,BNP,Per Unit,0.05,0,0,0,$0.3000,800,4.53,40
7/27/2021,DSmanik,ISE-OPT,SLO,1,SPCE,SPCE,21/01/2022,$24.00,P,$4.50,BNP,Per Unit,0.05,0,0,0,$0.0500,800,4.53,40
7/27/2021,DSmanik,ISE-OPT,SLO,3,SPCE,SPCE,21/01/2022,$24.00,P,$4.50,BNP,Per Unit,0.05,0,0,0,$0.1500,800,4.53,40
7/27/2021,DSmanik,ISE-OPT,SLO,1,SPCE,SPCE,21/01/2022,$24.00,P,$4.50,BNP,Per Unit,0.05,0,0,0,$0.0500,800,4.53,40
7/27/2021,DSmanik,ISE-OPT,SLO,3,SPCE,SPCE,21/01/2022,$24.00,P,$4.50,BNP,Per Unit,0.05,0,0,0,$0.1500,800,4.53,40
7/27/2021,DSmanik,ISE-OPT,SLO,4,SPCE,SPCE,21/01/2022,$24.00,P,$4.50,BNP,Per Unit,0.05,0,0,0,$0.2000,800,4.53,40
7/27/2021,DSmanik,ISE-OPT,SLO,1,SPCE,SPCE,21/01/2022,$24.00,P,$4.50,BNP,Per Unit,0.05,0,0,0,$0.0500,800,4.53,40
7/27/2021,DSmanik,ISE-OPT,SLO,4,SPCE,SPCE,21/01/2022,$24.00,P,$4.50,BNP,Per Unit,0.05,0,0,0,$0.2000,800,4.53,40
7/27/2021,DSmanik,ISE-OPT,SLO,4,SPCE,SPCE,21/01/2022,$24.00,P,$4.50,BNP,Per Unit,0.05,0,0,0,$0.2000,800,4.53,40
7/27/2021,DSmanik,ISE-OPT,SLO,4,SPCE,SPCE,21/01/2022,$24.00,P,$4.50,BNP,Per Unit,0.05,0,0,0,$0.2000,800,4.53,40
7/27/2021,DSmanik,ISE-OPT,SLO,6,SPCE,SPCE,21/01/2022,$24.00,P,$4.50,BNP,Per Unit,0.05,0,0,0,$0.3000,800,4.53,40
7/27/2021,DSmanik,ISE-OPT,SLO,1,SPCE,SPCE,21/01/2022,$24.00,P,$4.50,BNP,Per Unit,0.05,0,0,0,$0.0500,800,4.53,40
7/27/2021,DSmanik,ISE-OPT,SLO,1,SPCE,SPCE,21/01/2022,$24.00,P,$4.50,BNP,Per Unit,0.05,0,0,0,$0.0500,800,4.53,40
7/27/2021,DSmanik,ISE-OPT,SLO,6,SPCE,SPCE,21/01/2022,$24.00,P,$4.50,BNP,Per Unit,0.05,0,0,0,$0.3000,800,4.53,40
7/27/2021,DSmanik,ISE-OPT,SLO,3,SPCE,SPCE,21/01/2022,$24.00,P,$4.50,BNP,Per Unit,0.05,0,0,0,$0.1500,800,4.53,40
7/27/2021,DSmanik,ISE-OPT,SLO,1,SPCE,SPCE,21/01/2022,$24.00,P,$4.50,BNP,Per Unit,0.05,0,0,0,$0.0500,800,4.53,40
7/27/2021,DSmanik,ISE-OPT,SLO,2,SPCE,SPCE,21/01/2022,$24.00,P,$4.50,BNP,Per Unit,0.05,0,0,0,$0.1000,800,4.53,40
7/27/2021,DSmanik,ISE-OPT,SLO,6,SPCE,SPCE,21/01/2022,$24.00,P,$4.50,BNP,Per Unit,0.05,0,0,0,$0.3000,800,4.53,40
7/27/2021,DSmanik,ISE-OPT,SLO,2,SPCE,SPCE,21/01/2022,$24.00,P,$4.50,BNP,Per Unit,0.05,0,0,0,$0.1000,800,4.53,40
7/27/2021,DSmanik,ISE-OPT,SLO,2,SPCE,SPCE,21/01/2022,$24.00,P,$4.50,BNP,Per Unit,0.05,0,0,0,$0.1000,800,4.53,40
7/27/2021,DSmanik,ISE-OPT,SLO,1,SPCE,SPCE,21/01/2022,$24.00,P,$4.50,BNP,Per Unit,0.05,0,0,0,$0.0500,800,4.53,40
7/27/2021,DSmanik,ISE-OPT,SLO,1,SPCE,SPCE,21/01/2022,$24.00,P,$4.50,BNP,Per Unit,0.05,0,0,0,$0.0500,800,4.53,40
7/27/2021,DSmanik,ISE-OPT,SLO,4,SPCE,SPCE,21/01/2022,$24.00,P,$4.50,BNP,Per Unit,0.05,0,0,0,$0.2000,800,4.53,40
7/27/2021,DSmanik,ISE-OPT,SLO,1,SPCE,SPCE,21/01/2022,$24.00,P,$4.50,BNP,Per Unit,0.05,0,0,0,$0.0500,800,4.53,40
7/27/2021,DSmanik,ISE-OPT,SLO,2,SPCE,SPCE,21/01/2022,$24.00,P,$4.50,BNP,Per Unit,0.05,0,0,0,$0.1000,800,4.53,40
7/27/2021,DSmanik,ISE-OPT,SLO,1,SPCE,SPCE,21/01/2022,$24.00,P,$4.50,BNP,Per Unit,0.05,0,0,0,$0.0500,800,4.53,40
7/27/2021,DSmanik,ISE-OPT,SLO,4,SPCE,SPCE,21/01/2022,$24.00,P,$4.50,BNP,Per Unit,0.05,0,0,0,$0.2000,800,4.53,40
7/27/2021,DSmanik,ISE-OPT,SLO,2,SPCE,SPCE,21/01/2022,$24.00,P,$4.50,BNP,Per Unit,0.05,0,0,0,$0.1000,800,4.53,40
7/27/2021,DSmanik,WEX-SWEEP-SPRD,SLO,10,EWT,EWT,17/09/2021,$65.00,C,$0.92,NEWFOUNDLAND-OMNI,Per Unit,0.05,0,0,0,$0.5000,449,0.92,-98.93
7/27/2021,DSmanik,WEX-SWEEP-SPRD,SLO,6,EWT,EWT,17/09/2021,$65.00,C,$0.92,NEWFOUNDLAND-OMNI,Per Unit,0.05,0,0,0,$0.3000,449,0.92,-98.93
7/27/2021,DSmanik,WEX-SWEEP-SPRD,SLO,7,EWT,EWT,17/09/2021,$65.00,C,$0.91,NEWFOUNDLAND-OMNI,Per Unit,0.05,0,0,0,$0.3500,449,0.92,-98.93
7/27/2021,DSmanik,WEX-SWEEP-SPRD,SLO,19,EWT,EWT,17/09/2021,$65.00,C,$0.92,NEWFOUNDLAND-OMNI,Per Unit,0.05,0,-0.75,0,$(13.3000),449,0.92,-98.93
7/27/2021,DSmanik,WEX-SWEEP-SPRD,SLO,6,EWT,EWT,17/09/2021,$65.00,C,$0.92,NEWFOUNDLAND-OMNI,Per Unit,0.05,0,-0.75,0,$(4.2000),449,0.92,-98.93
7/27/2021,DSmanik,WEX-SWEEP-SPRD,SLO,1,EWT,EWT,17/09/2021,$65.00,C,$0.92,NEWFOUNDLAND-OMNI,Per Unit,0.05,0,0.0025,0,$0.0525,449,0.92,-98.93
7/27/2021,DSmanik,WEX-SWEEP-SPRD,SLO,19,EWT,EWT,17/09/2021,$65.00,C,$0.92,NEWFOUNDLAND-OMNI,Per Unit,0.05,0,-0.75,0,$(13.3000),449,0.92,-98.93
7/27/2021,DSmanik,WEX-SWEEP-SPRD,SLO,10,EWT,EWT,17/09/2021,$65.00,C,$0.90,NEWFOUNDLAND-OMNI,Per Unit,0.05,0,0,0,$0.5000,449,0.92,-98.93
7/27/2021,DSmanik,WEX-SWEEP-SPRD,SLO,22,EWT,EWT,17/09/2021,$65.00,C,$0.92,NEWFOUNDLAND-OMNI,Per Unit,0.05,0,-0.75,0,$(15.4000),449,0.92,-98.93
7/27/2021,DSmanik,WEX-SWEEP-SPRD,SLO,7,EWT,EWT,17/09/2021,$65.00,C,$0.91,NEWFOUNDLAND-OMNI,Per Unit,0.05,0,0,0,$0.3500,449,0.92,-98.93
7/27/2021,DSmanik,WEX-SWEEP-SPRD,SLO,10,EWT,EWT,17/09/2021,$65.00,C,$0.92,NEWFOUNDLAND-OMNI,Per Unit,0.05,0,0,0,$0.5000,449,0.92,-98.93
7/27/2021,DSmanik,WEX-SWEEP-SPRD,SLO,19,EWT,EWT,17/09/2021,$65.00,C,$0.92,NEWFOUNDLAND-OMNI,Per Unit,0.05,0,-0.75,0,$(13.3000),449,0.92,-98.93
7/27/2021,DSmanik,WEX-SWEEP-SPRD,SLO,1,EWT,EWT,17/09/2021,$65.00,C,$0.92,NEWFOUNDLAND-OMNI,Per Unit,0.05,0,0.0025,0,$0.0525,449,0.92,-98.93
7/27/2021,DSmanik,WEX-SWEEP-SPRD,SLO,7,EWT,EWT,17/09/2021,$65.00,C,$0.91,NEWFOUNDLAND-OMNI,Per Unit,0.05,0,0,0,$0.3500,449,0.92,-98.93
7/27/2021,DSmanik,WEX-SWEEP-SPRD,SLO,1,EWT,EWT,17/09/2021,$65.00,C,$0.92,NEWFOUNDLAND-OMNI,Per Unit,0.05,0,0,0,$0.0500,449,0.92,-98.93
7/27/2021,DSmanik,WEX-SWEEP-SPRD,SLO,4,EWT,EWT,17/09/2021,$65.00,C,$0.92,NEWFOUNDLAND-OMNI,Per Unit,0.05,0,0.0025,0,$0.2100,449,0.92,-98.93
7/27/2021,DSmanik,WEX-SWEEP-SPRD,SLO,6,EWT,EWT,17/09/2021,$65.00,C,$0.91,NEWFOUNDLAND-OMNI,Per Unit,0.05,0,0,0,$0.3000,449,0.92,-98.93
7/27/2021,DSmanik,WEX-SWEEP-SPRD,SLO,1,EWT,EWT,17/09/2021,$65.00,C,$0.92,NEWFOUNDLAND-OMNI,Per Unit,0.05,0,0,0,$0.0500,449,0.92,-98.93
7/27/2021,DSmanik,WEX-SWEEP-SPRD,SLO,2,EWT,EWT,17/09/2021,$65.00,C,$0.92,NEWFOUNDLAND-OMNI,Per Unit,0.05,0,0.0025,0,$0.1050,449,0.92,-98.93
7/27/2021,DSmanik,WEX-SWEEP-SPRD,SLO,5,EWT,EWT,17/09/2021,$65.00,C,$0.91,NEWFOUNDLAND-OMNI,Per Unit,0.05,0,0,0,$0.2500,449,0.92,-98.93
7/27/2021,DSmanik,WEX-SWEEP-SPRD,SLO,1,EWT,EWT,17/09/2021,$65.00,C,$0.92,NEWFOUNDLAND-OMNI,Per Unit,0.05,0,0,0,$0.0500,449,0.92,-98.93
7/27/2021,DSmanik,WEX-SWEEP-SPRD,SLO,2,EWT,EWT,17/09/2021,$65.00,C,$0.92,NEWFOUNDLAND-OMNI,Per Unit,0.05,0,0.0025,0,$0.1050,449,0.92,-98.93
7/27/2021,DSmanik,WEX-SWEEP-SPRD,SLO,3,EWT,EWT,17/09/2021,$65.00,C,$0.91,NEWFOUNDLAND-OMNI,Per Unit,0.05,0,0,0,$0.1500,449,0.92,-98.93
7/27/2021,DSmanik,WEX-SWEEP-SPRD,SLO,1,EWT,EWT,17/09/2021,$65.00,C,$0.92,NEWFOUNDLAND-OMNI,Per Unit,0.05,0,0,0,$0.0500,449,0.92,-98.93
7/27/2021,DSmanik,WEX-SWEEP-SPRD,SLO,2,EWT,EWT,17/09/2021,$65.00,C,$0.91,NEWFOUNDLAND-OMNI,Per Unit,0.05,0,0,0,$0.1000,449,0.92,-98.93
7/27/2021,DSmanik,WEX-SWEEP-SPRD,SLO,1,EWT,EWT,17/09/2021,$65.00,C,$0.92,NEWFOUNDLAND-OMNI,Per Unit,0.05,0,0,0,$0.0500,449,0.92,-98.93
7/27/2021,DSmanik,WEX-SWEEP-SPRD,SLO,3,EWT,EWT,17/09/2021,$65.00,C,$0.91,NEWFOUNDLAND-OMNI,Per Unit,0.05,0,0,0,$0.1500,449,0.92,-98.93
7/27/2021,DSmanik,WEX-SWEEP-SPRD,SLO,1,EWT,EWT,17/09/2021,$65.00,C,$0.92,NEWFOUNDLAND-OMNI,Per Unit,0.05,0,0,0,$0.0500,449,0.92,-98.93
7/27/2021,DSmanik,WEX-SWEEP-SPRD,SLO,1,EWT,EWT,17/09/2021,$65.00,C,$0.91,NEWFOUNDLAND-OMNI,Per Unit,0.05,0,0,0,$0.0500,449,0.92,-98.93
7/27/2021,DSmanik,WEX-SWEEP-SPRD,SLO,1,EWT,EWT,17/09/2021,$65.00,C,$0.92,NEWFOUNDLAND-OMNI,Per Unit,0.05,0,0,0,$0.0500,449,0.92,-98.93
7/27/2021,DSmanik,WEX-SWEEP-SPRD,SLO,1,EWT,EWT,17/09/2021,$65.00,C,$0.91,NEWFOUNDLAND-OMNI,Per Unit,0.05,0,0,0,$0.0500,449,0.92,-98.93
7/27/2021,DSmanik,WEX-SWEEP-SPRD,SLO,1,EWT,EWT,17/09/2021,$65.00,C,$0.92,NEWFOUNDLAND-OMNI,Per Unit,0.05,0,0,0,$0.0500,449,0.92,-98.93
7/27/2021,DSmanik,WEX-SWEEP-SPRD,SLO,1,EWT,EWT,17/09/2021,$65.00,C,$0.91,NEWFOUNDLAND-OMNI,Per Unit,0.05,0,0,0,$0.0500,449,0.92,-98.93
7/27/2021,DSmanik,WEX-SWEEP-SPRD,SLO,1,EWT,EWT,17/09/2021,$65.00,C,$0.92,NEWFOUNDLAND-OMNI,Per Unit,0.05,0,0,0,$0.0500,449,0.92,-98.93
7/27/2021,DSmanik,WEX-SWEEP-SPRD,SLO,1,EWT,EWT,17/09/2021,$65.00,C,$0.91,NEWFOUNDLAND-OMNI,Per Unit,0.05,0,0,0,$0.0500,449,0.92,-98.93
7/27/2021,DSmanik,WEX-SWEEP-SPRD,SLO,1,EWT,EWT,17/09/2021,$65.00,C,$0.92,NEWFOUNDLAND-OMNI,Per Unit,0.05,0,0,0,$0.0500,449,0.92,-98.93
7/27/2021,DSmanik,WEX-SWEEP-SPRD,SLO,1,EWT,EWT,17/09/2021,$65.00,C,$0.91,NEWFOUNDLAND-OMNI,Per Unit,0.05,0,0,0,$0.0500,449,0.92,-98.93
7/27/2021,DSmanik,WEX-SWEEP-SPRD,SLO,1,EWT,EWT,17/09/2021,$65.00,C,$0.92,NEWFOUNDLAND-OMNI,Per Unit,0.05,0,0,0,$0.0500,449,0.92,-98.93
7/27/2021,DSmanik,WEX-SWEEP-SPRD,SLO,1,EWT,EWT,17/09/2021,$65.00,C,$0.91,NEWFOUNDLAND-OMNI,Per Unit,0.05,0,0,0,$0.0500,449,0.92,-98.93
7/27/2021,DSmanik,WEX-SWEEP-SPRD,SLO,1,EWT,EWT,17/09/2021,$65.00,C,$0.92,NEWFOUNDLAND-OMNI,Per Unit,0.05,0,0,0,$0.0500,449,0.92,-98.93
7/27/2021,DSmanik,WEX-SWEEP-SPRD,SLO,1,EWT,EWT,17/09/2021,$65.00,C,$0.91,NEWFOUNDLAND-OMNI,Per Unit,0.05,0,0,0,$0.0500,449,0.92,-98.93
7/27/2021,DSmanik,WEX-SWEEP-SPRD,SLO,1,EWT,EWT,17/09/2021,$65.00,C,$0.92,NEWFOUNDLAND-OMNI,Per Unit,0.05,0,0,0,$0.0500,449,0.92,-98.93
7/27/2021,DSmanik,WEX-SWEEP-SPRD,SLO,1,EWT,EWT,17/09/2021,$65.00,C,$0.91,NEWFOUNDLAND-OMNI,Per Unit,0.05,0,0,0,$0.0500,449,0.92,-98.93
7/27/2021,DSmanik,WEX-SWEEP-SPRD,SLO,1,EWT,EWT,17/09/2021,$65.00,C,$0.92,NEWFOUNDLAND-OMNI,Per Unit,0.05,0,0,0,$0.0500,449,0.92,-98.93
7/27/2021,DSmanik,WEX-SWEEP-SPRD,SLO,1,EWT,EWT,17/09/2021,$65.00,C,$0.91,NEWFOUNDLAND-OMNI,Per Unit,0.05,0,0,0,$0.0500,449,0.92,-98.93
7/27/2021,DSmanik,WEX-SWEEP-SPRD,SLO,1,EWT,EWT,17/09/2021,$65.00,C,$0.92,NEWFOUNDLAND-OMNI,Per Unit,0.05,0,0,0,$0.0500,449,0.92,-98.93
7/27/2021,DSmanik,WEX-SWEEP-SPRD,SLO,1,EWT,EWT,17/09/2021,$65.00,C,$0.91,NEWFOUNDLAND-OMNI,Per Unit,0.05,0,0,0,$0.0500,449,0.92,-98.93
7/27/2021,DSmanik,WEX-SWEEP-SPRD,SLO,1,EWT,EWT,17/09/2021,$65.00,C,$0.92,NEWFOUNDLAND-OMNI,Per Unit,0.05,0,0,0,$0.0500,449,0.92,-98.93
7/27/2021,DSmanik,WEX-SWEEP-SPRD,SLO,6,EWT,EWT,17/09/2021,$65.00,C,$0.92,NEWFOUNDLAND-OMNI,Per Unit,0.05,0,0,0,$0.3000,449,0.92,-98.93
7/27/2021,DSmanik,WEX-SWEEP-SPRD,SLO,1,EWT,EWT,17/09/2021,$65.00,C,$0.92,NEWFOUNDLAND-OMNI,Per Unit,0.05,0,0.0025,0,$0.0525,449,0.92,-98.93
7/27/2021,DSmanik,WEX-SWEEP-SPRD,SLO,11,EWT,EWT,17/09/2021,$65.00,C,$0.92,NEWFOUNDLAND-OMNI,Per Unit,0.05,0,-0.75,0,$(7.7000),449,0.92,-98.93
7/27/2021,DSmanik,WEX-SWEEP-SPRD,SLO,14,EWT,EWT,17/09/2021,$65.00,C,$0.92,NEWFOUNDLAND-OMNI,Per Unit,0.05,0,-0.75,0,$(9.8000),449,0.92,-98.93
7/27/2021,DSmanik,WEX-SWEEP-SPRD,SLO,1,EWT,EWT,17/09/2021,$65.00,C,$0.92,NEWFOUNDLAND-OMNI,Per Unit,0.05,0,0,0,$0.0500,449,0.92,-98.93
7/27/2021,DSmanik,WEX-SWEEP-SPRD,SLO,1,EWT,EWT,17/09/2021,$65.00,C,$0.92,NEWFOUNDLAND-OMNI,Per Unit,0.05,0,0,0,$0.0500,449,0.92,-98.93
7/27/2021,DSmanik,WEX-SWEEP-SPRD,SLO,6,EWT,EWT,17/09/2021,$65.00,C,$0.92,NEWFOUNDLAND-OMNI,Per Unit,0.05,0,-0.75,0,$(4.2000),449,0.92,-98.93
7/27/2021,DSmanik,WEX-SWEEP-SPRD,SLO,4,EWT,EWT,17/09/2021,$65.00,C,$0.92,NEWFOUNDLAND-OMNI,Per Unit,0.05,0,-0.75,0,$(2.8000),449,0.92,-98.93
7/27/2021,DSmanik,WEX-SWEEP-SPRD,SLO,1,EWT,EWT,17/09/2021,$65.00,C,$0.92,NEWFOUNDLAND-OMNI,Per Unit,0.05,0,0.0025,0,$0.0525,449,0.92,-98.93
7/27/2021,DSmanik,WEX-SWEEP-SPRD,SLO,3,EWT,EWT,17/09/2021,$65.00,C,$0.92,NEWFOUNDLAND-OMNI,Per Unit,0.05,0,0,0,$0.1500,449,0.92,-98.93
7/27/2021,DSmanik,WEX-SWEEP-SPRD,SLO,1,EWT,EWT,17/09/2021,$65.00,C,$0.92,NEWFOUNDLAND-OMNI,Per Unit,0.05,0,0,0,$0.0500,449,0.92,-98.93
7/27/2021,DSmanik,WEX-SWEEP-SPRD,SLO,1,EWT,EWT,17/09/2021,$65.00,C,$0.92,NEWFOUNDLAND-OMNI,Per Unit,0.05,0,0.0025,0,$0.0525,449,0.92,-98.93
7/27/2021,DSmanik,WEX-SWEEP-SPRD,SLO,1,EWT,EWT,17/09/2021,$65.00,C,$0.92,NEWFOUNDLAND-OMNI,Per Unit,0.05,0,-0.75,0,$(0.7000),449,0.92,-98.93
7/27/2021,DSmanik,WEX-SWEEP-SPRD,SLO,1,EWT,EWT,17/09/2021,$65.00,C,$0.92,NEWFOUNDLAND-OMNI,Per Unit,0.05,0,-0.75,0,$(0.7000),449,0.92,-98.93
7/27/2021,DSmanik,WEX-SWEEP-SPRD,SLO,7,EWT,EWT,17/09/2021,$65.00,C,$0.92,NEWFOUNDLAND-OMNI,Per Unit,0.05,0,0,0,$0.3500,449,0.92,-98.93
7/27/2021,DSmanik,WEX-SWEEP-SPRD,SLO,10,EWT,EWT,17/09/2021,$65.00,C,$0.92,NEWFOUNDLAND-OMNI,Per Unit,0.05,0,0,0,$0.5000,449,0.92,-98.93
7/27/2021,DSmanik,WEX-SWEEP-SPRD,SLO,1,EWT,EWT,17/09/2021,$65.00,C,$0.92,NEWFOUNDLAND-OMNI,Per Unit,0.05,0,0.0025,0,$0.0525,449,0.92,-98.93
7/27/2021,DSmanik,WEX-SWEEP-SPRD,SLO,9,EWT,EWT,17/09/2021,$65.00,C,$0.92,NEWFOUNDLAND-OMNI,Per Unit,0.05,0,0,0,$0.4500,449,0.92,-98.93
7/27/2021,DSmanik,WEX-SWEEP-SPRD,SLO,1,EWT,EWT,17/09/2021,$65.00,C,$0.92,NEWFOUNDLAND-OMNI,Per Unit,0.05,0,0,0,$0.0500,449,0.92,-98.93
7/27/2021,DSmanik,WEX-SWEEP-SPRD,SLO,6,EWT,EWT,17/09/2021,$65.00,C,$0.92,NEWFOUNDLAND-OMNI,Per Unit,0.05,0,0.0025,0,$0.3150,449,0.92,-98.93
7/27/2021,DSmanik,WEX-SWEEP-SPRD,SLO,8,EWT,EWT,17/09/2021,$65.00,C,$0.92,NEWFOUNDLAND-OMNI,Per Unit,0.05,0,0,0,$0.4000,449,0.92,-98.93
7/27/2021,DSmanik,WEX-SWEEP-SPRD,SLO,1,EWT,EWT,17/09/2021,$65.00,C,$0.92,NEWFOUNDLAND-OMNI,Per Unit,0.05,0,0,0,$0.0500,449,0.92,-98.93
7/27/2021,DSmanik,WEX-SWEEP-SPRD,SLO,3,EWT,EWT,17/09/2021,$65.00,C,$0.92,NEWFOUNDLAND-OMNI,Per Unit,0.05,0,0.0025,0,$0.1575,449,0.92,-98.93
7/27/2021,DSmanik,WEX-SWEEP-SPRD,SLO,6,EWT,EWT,17/09/2021,$65.00,C,$0.92,NEWFOUNDLAND-OMNI,Per Unit,0.05,0,0,0,$0.3000,449,0.92,-98.93
7/27/2021,DSmanik,WEX-SWEEP-SPRD,SLO,1,EWT,EWT,17/09/2021,$65.00,C,$0.92,NEWFOUNDLAND-OMNI,Per Unit,0.05,0,0,0,$0.0500,449,0.92,-98.93
7/27/2021,DSmanik,WEX-SWEEP-SPRD,SLO,3,EWT,EWT,17/09/2021,$65.00,C,$0.92,NEWFOUNDLAND-OMNI,Per Unit,0.05,0,0.0025,0,$0.1575,449,0.92,-98.93
7/27/2021,DSmanik,WEX-SWEEP-SPRD,SLO,5,EWT,EWT,17/09/2021,$65.00,C,$0.92,NEWFOUNDLAND-OMNI,Per Unit,0.05,0,0,0,$0.2500,449,0.92,-98.93
7/27/2021,DSmanik,WEX-SWEEP-SPRD,SLO,1,EWT,EWT,17/09/2021,$65.00,C,$0.92,NEWFOUNDLAND-OMNI,Per Unit,0.05,0,0,0,$0.0500,449,0.92,-98.93
7/27/2021,DSmanik,WEX-SWEEP-SPRD,SLO,2,EWT,EWT,17/09/2021,$65.00,C,$0.92,NEWFOUNDLAND-OMNI,Per Unit,0.05,0,0.0025,0,$0.1050,449,0.92,-98.93
7/27/2021,DSmanik,WEX-SWEEP-SPRD,SLO,7,EWT,EWT,17/09/2021,$65.00,C,$0.93,NEWFOUNDLAND-OMNI,Per Unit,0.05,0,0,0,$0.3500,449,0.92,-98.93
7/27/2021,DSmanik,WEX-SWEEP-SPRD,SLO,1,EWT,EWT,17/09/2021,$65.00,C,$0.92,NEWFOUNDLAND-OMNI,Per Unit,0.05,0,0,0,$0.0500,449,0.92,-98.93
7/27/2021,DSmanik,WEX-SWEEP-SPRD,SLO,1,EWT,EWT,17/09/2021,$65.00,C,$0.92,NEWFOUNDLAND-OMNI,Per Unit,0.05,0,0,0,$0.0500,449,0.92,-98.93
7/27/2021,DSmanik,WEX-SWEEP-SPRD,SLO,1,EWT,EWT,17/09/2021,$65.00,C,$0.92,NEWFOUNDLAND-OMNI,Per Unit,0.05,0,0.0025,0,$0.0525,449,0.92,-98.93
7/27/2021,DSmanik,WEX-SWEEP-SPRD,SLO,2,EWT,EWT,17/09/2021,$65.00,C,$0.92,NEWFOUNDLAND-OMNI,Per Unit,0.05,0,0,0,$0.1000,449,0.92,-98.93
7/27/2021,DSmanik,WEX-SWEEP-SPRD,SLO,1,EWT,EWT,17/09/2021,$65.00,C,$0.92,NEWFOUNDLAND-OMNI,Per Unit,0.05,0,0,0,$0.0500,449,0.92,-98.93
7/27/2021,DSmanik,WEX-SWEEP-SPRD,SLO,1,EWT,EWT,17/09/2021,$65.00,C,$0.92,NEWFOUNDLAND-OMNI,Per Unit,0.05,0,0.0025,0,$0.0525,449,0.92,-98.93
7/27/2021,DSmanik,WEX-SWEEP-SPRD,SLO,1,EWT,EWT,17/09/2021,$65.00,C,$0.92,NEWFOUNDLAND-OMNI,Per Unit,0.05,0,0,0,$0.0500,449,0.92,-98.93
7/27/2021,DSmanik,WEX-SWEEP-SPRD,SLO,1,EWT,EWT,17/09/2021,$65.00,C,$0.92,NEWFOUNDLAND-OMNI,Per Unit,0.05,0,0,0,$0.0500,449,0.92,-98.93
7/27/2021,DSmanik,WEX-SWEEP-SPRD,SLO,1,EWT,EWT,17/09/2021,$65.00,C,$0.92,NEWFOUNDLAND-OMNI,Per Unit,0.05,0,0.0025,0,$0.0525,449,0.92,-98.93
7/27/2021,DSmanik,WEX-SWEEP-SPRD,SLO,1,EWT,EWT,17/09/2021,$65.00,C,$0.92,NEWFOUNDLAND-OMNI,Per Unit,0.05,0,0,0,$0.0500,449,0.92,-98.93
7/27/2021,DSmanik,WEX-SWEEP-SPRD,SLO,1,EWT,EWT,17/09/2021,$65.00,C,$0.92,NEWFOUNDLAND-OMNI,Per Unit,0.05,0,0,0,$0.0500,449,0.92,-98.93
7/27/2021,DSmanik,WEX-SWEEP-SPRD,SLO,1,EWT,EWT,17/09/2021,$65.00,C,$0.92,NEWFOUNDLAND-OMNI,Per Unit,0.05,0,0.0025,0,$0.0525,449,0.92,-98.93
7/27/2021,DSmanik,WEX-SWEEP-SPRD,SLO,2,EWT,EWT,17/09/2021,$65.00,C,$0.93,NEWFOUNDLAND-OMNI,Per Unit,0.05,0,0,0,$0.1000,449,0.92,-98.93
7/27/2021,DSmanik,WEX-SWEEP-SPRD,SLO,1,EWT,EWT,17/09/2021,$65.00,C,$0.92,NEWFOUNDLAND-OMNI,Per Unit,0.05,0,0,0,$0.0500,449,0.92,-98.93
7/27/2021,DSmanik,WEX-SWEEP-SPRD,SLO,1,EWT,EWT,17/09/2021,$65.00,C,$0.92,NEWFOUNDLAND-OMNI,Per Unit,0.05,0,0,0,$0.0500,449,0.92,-98.93
7/27/2021,DSmanik,WEX-SWEEP-SPRD,SLO,1,EWT,EWT,17/09/2021,$65.00,C,$0.92,NEWFOUNDLAND-OMNI,Per Unit,0.05,0,0.0025,0,$0.0525,449,0.92,-98.93
7/27/2021,DSmanik,WEX-SWEEP-SPRD,SLO,3,EWT,EWT,17/09/2021,$65.00,C,$0.93,NEWFOUNDLAND-OMNI,Per Unit,0.05,0,-0.75,0,$(2.1000),449,0.92,-98.93
7/27/2021,DSmanik,WEX-SWEEP-SPRD,SLO,1,EWT,EWT,17/09/2021,$65.00,C,$0.93,NEWFOUNDLAND-OMNI,Per Unit,0.05,0,0,0,$0.0500,449,0.92,-98.93
7/27/2021,DSmanik,WEX-SWEEP-SPRD,SLO,1,EWT,EWT,17/09/2021,$65.00,C,$0.92,NEWFOUNDLAND-OMNI,Per Unit,0.05,0,0,0,$0.0500,449,0.92,-98.93
7/27/2021,DSmanik,WEX-SWEEP-SPRD,SLO,1,EWT,EWT,17/09/2021,$65.00,C,$0.92,NEWFOUNDLAND-OMNI,Per Unit,0.05,0,0,0,$0.0500,449,0.92,-98.93
7/27/2021,DSmanik,WEX-SWEEP-SPRD,SLO,1,EWT,EWT,17/09/2021,$65.00,C,$0.92,NEWFOUNDLAND-OMNI,Per Unit,0.05,0,0.0025,0,$0.0525,449,0.92,-98.93
7/27/2021,DSmanik,WEX-SWEEP-SPRD,SLO,7,EWT,EWT,17/09/2021,$65.00,C,$0.92,NEWFOUNDLAND-OMNI,Per Unit,0.05,0,0,0,$0.3500,449,0.92,-98.93
7/27/2021,DSmanik,WEX-SWEEP-SPRD,SLO,10,EWT,EWT,17/09/2021,$65.00,C,$0.92,NEWFOUNDLAND-OMNI,Per Unit,0.05,0,0,0,$0.5000,449,0.92,-98.93
7/27/2021,DSmanik,WEX-SWEEP-SPRD,SLO,1,EWT,EWT,17/09/2021,$65.00,C,$0.92,NEWFOUNDLAND-OMNI,Per Unit,0.05,0,0.0025,0,$0.0525,449,0.92,-98.93
7/27/2021,DSmanik,WEX-SWEEP-SPRD,SLO,9,EWT,EWT,17/09/2021,$65.00,C,$0.92,NEWFOUNDLAND-OMNI,Per Unit,0.05,0,0,0,$0.4500,449,0.92,-98.93
7/27/2021,DSmanik,WEX-SWEEP-SPRD,SLO,1,EWT,EWT,17/09/2021,$65.00,C,$0.92,NEWFOUNDLAND-OMNI,Per Unit,0.05,0,0,0,$0.0500,449,0.92,-98.93
7/27/2021,DSmanik,WEX-SWEEP-SPRD,SLO,6,EWT,EWT,17/09/2021,$65.00,C,$0.92,NEWFOUNDLAND-OMNI,Per Unit,0.05,0,0.0025,0,$0.3150,449,0.92,-98.93
7/27/2021,DSmanik,WEX-SWEEP-SPRD,SLO,8,EWT,EWT,17/09/2021,$65.00,C,$0.92,NEWFOUNDLAND-OMNI,Per Unit,0.05,0,0,0,$0.4000,449,0.92,-98.93
7/27/2021,DSmanik,WEX-SWEEP-SPRD,SLO,1,EWT,EWT,17/09/2021,$65.00,C,$0.92,NEWFOUNDLAND-OMNI,Per Unit,0.05,0,0,0,$0.0500,449,0.92,-98.93
7/27/2021,DSmanik,WEX-SWEEP-SPRD,SLO,3,EWT,EWT,17/09/2021,$65.00,C,$0.92,NEWFOUNDLAND-OMNI,Per Unit,0.05,0,0.0025,0,$0.1575,449,0.92,-98.93
7/27/2021,DSmanik,WEX-SWEEP-SPRD,SLO,1,EWT,EWT,17/09/2021,$65.00,C,$0.92,NEWFOUNDLAND-OMNI,Per Unit,0.05,0,0,0,$0.0500,449,0.92,-98.93
7/27/2021,DSmanik,WEX-SWEEP-SPRD,SLO,3,EWT,EWT,17/09/2021,$65.00,C,$0.92,NEWFOUNDLAND-OMNI,Per Unit,0.05,0,0.0025,0,$0.1575,449,0.92,-98.93
7/27/2021,DSmanik,WEX-SWEEP-SPRD,SLO,1,EWT,EWT,17/09/2021,$65.00,C,$0.91,NEWFOUNDLAND-OMNI,Per Unit,0.05,0,0,0,$0.0500,449,0.92,-98.93
7/27/2021,DSmanik,WEX-SWEEP-SPRD,SLO,6,EWT,EWT,17/09/2021,$65.00,C,$0.92,NEWFOUNDLAND-OMNI,Per Unit,0.05,0,0,0,$0.3000,449,0.92,-98.93
7/27/2021,DSmanik,WEX-SWEEP-SPRD,SLO,1,EWT,EWT,17/09/2021,$65.00,C,$0.92,NEWFOUNDLAND-OMNI,Per Unit,0.05,0,0.0025,0,$0.0525,449,0.92,-98.93
7/27/2021,DSmanik,WEX-SWEEP-SPRD,SLO,14,EWT,EWT,17/09/2021,$65.00,C,$0.92,NEWFOUNDLAND-OMNI,Per Unit,0.05,0,-0.75,0,$(9.8000),449,0.92,-98.93
7/27/2021,DSmanik,WEX-SWEEP-SPRD,SLO,11,EWT,EWT,17/09/2021,$65.00,C,$0.92,NEWFOUNDLAND-OMNI,Per Unit,0.05,0,-0.75,0,$(7.7000),449,0.92,-98.93
7/27/2021,DSmanik,WEX-SWEEP-SPRD,SLO,9,EWT,EWT,17/09/2021,$65.00,C,$0.92,NEWFOUNDLAND-OMNI,Per Unit,0.05,0,0,0,$0.4500,449,0.92,-98.93
7/27/2021,DSmanik,WEX-SWEEP-SPRD,SLO,12,EWT,EWT,17/09/2021,$65.00,C,$0.92,NEWFOUNDLAND-OMNI,Per Unit,0.05,0,-0.75,0,$(8.4000),449,0.92,-98.93
7/28/2021,DSmanik,WEX-SWEEP-SPRD,SLO,20,QQQ,QQQ,30/07/2021,$357.00,P,$0.29,NEWFOUNDLAND-OMNI,Per Unit,0.05,0,-0.25,0,$(4.0000),100,0.29,-21.4625
7/28/2021,DSmanik,WEX-SWEEP-SPRD,SLO,20,QQQ,QQQ,30/07/2021,$357.00,P,$0.29,NEWFOUNDLAND-OMNI,Per Unit,0.05,0,-0.39,0,$(6.8000),100,0.29,-21.4625
7/28/2021,DSmanik,WEX-SWEEP-SPRD,SLO,10,QQQ,QQQ,30/07/2021,$357.00,P,$0.29,NEWFOUNDLAND-OMNI,Per Unit,0.05,0,-0.35,0,$(3.0000),100,0.29,-21.4625
7/28/2021,DSmanik,WEX-SWEEP-SPRD,SLO,5,QQQ,QQQ,30/07/2021,$357.00,P,$0.29,NEWFOUNDLAND-OMNI,Per Unit,0.05,0,-0.35,0,$(1.5000),100,0.29,-21.4625
7/28/2021,DSmanik,WEX-SWEEP-SPRD,SLO,10,QQQ,QQQ,30/07/2021,$357.00,P,$0.29,NEWFOUNDLAND-OMNI,Per Unit,0.05,0,-0.35,0,$(3.0000),100,0.29,-21.4625
7/28/2021,DSmanik,WEX-SWEEP-SPRD,SLO,10,QQQ,QQQ,30/07/2021,$357.00,P,$0.29,NEWFOUNDLAND-OMNI,Per Unit,0.05,0,0.0025,0,$0.5250,100,0.29,-21.4625
7/28/2021,DSmanik,WEX-SWEEP-SPRD,SLO,5,QQQ,QQQ,30/07/2021,$357.00,P,$0.29,NEWFOUNDLAND-OMNI,Per Unit,0.05,0,0.0025,0,$0.2625,100,0.29,-21.4625
7/28/2021,DSmanik,WEX-SWEEP-SPRD,SLO,5,QQQ,QQQ,30/07/2021,$357.00,P,$0.28,NEWFOUNDLAND-OMNI,Per Unit,0.05,0,0,0,$0.2500,100,0.29,-21.4625
7/28/2021,DSmanik,WEX-SWEEP-SPRD,SLO,2,QQQ,QQQ,30/07/2021,$357.00,P,$0.29,NEWFOUNDLAND-OMNI,Per Unit,0.05,0,-0.39,0,$(0.6800),100,0.29,-21.4625
7/28/2021,DSmanik,WEX-SWEEP-SPRD,SLO,3,QQQ,QQQ,30/07/2021,$357.00,P,$0.30,NEWFOUNDLAND-OMNI,Per Unit,0.05,0,-0.39,0,$(1.0200),100,0.29,-21.4625
7/28/2021,DSmanik,WEX-SWEEP-SPRD,SLO,5,QQQ,QQQ,30/07/2021,$357.00,P,$0.29,NEWFOUNDLAND-OMNI,Per Unit,0.05,0,-0.25,0,$(1.0000),100,0.29,-21.4625
7/28/2021,DSmanik,WEX-SWEEP-SPRD,SLO,5,QQQ,QQQ,30/07/2021,$357.00,P,$0.29,NEWFOUNDLAND-OMNI,Per Unit,0.05,0,-0.35,0,$(1.5000),100,0.29,-21.4625
7/28/2021,DSmanik,WEX-SWEEP-SPRD,SLO,22,SPY,SPY,30/07/2021,$440.00,P,$3.04,NEWFOUNDLAND-OMNI,Per Unit,0.05,0,0.37,0,$9.2400,100,3.04,23.43
7/28/2021,DSmanik,WEX-SWEEP-SPRD,SLO,9,SPY,SPY,30/07/2021,$440.00,P,$3.04,NEWFOUNDLAND-OMNI,Per Unit,0.05,0,0.37,0,$3.7800,100,3.04,23.43
7/28/2021,DSmanik,WEX-SWEEP-SPRD,SLO,9,SPY,SPY,30/07/2021,$440.00,P,$3.04,NEWFOUNDLAND-OMNI,Per Unit,0.05,0,0.37,0,$3.7800,100,3.04,23.43
7/28/2021,DSmanik,WEX-SWEEP-SPRD,SLO,7,SPY,SPY,30/07/2021,$440.00,P,$3.04,NEWFOUNDLAND-OMNI,Per Unit,0.05,0,0.37,0,$2.9400,100,3.04,23.43
7/28/2021,DSmanik,WEX-SWEEP-SPRD,SLO,7,SPY,SPY,30/07/2021,$440.00,P,$3.04,NEWFOUNDLAND-OMNI,Per Unit,0.05,0,0.37,0,$2.9400,100,3.04,23.43
7/28/2021,DSmanik,WEX-SWEEP-SPRD,SLO,2,SPY,SPY,30/07/2021,$440.00,P,$3.05,NEWFOUNDLAND-OMNI,Per Unit,0.05,0,0.0025,0,$0.1050,100,3.04,23.43
7/28/2021,DSmanik,WEX-SWEEP-SPRD,SLO,9,SPY,SPY,30/07/2021,$440.00,P,$3.05,NEWFOUNDLAND-OMNI,Per Unit,0.05,0,-0.25,0,$(1.8000),100,3.04,23.43
7/28/2021,DSmanik,WEX-SWEEP-SPRD,SLO,5,SPY,SPY,30/07/2021,$440.00,P,$3.05,NEWFOUNDLAND-OMNI,Per Unit,0.05,0,0.37,0,$2.1000,100,3.04,23.43
7/28/2021,DSmanik,WEX-SWEEP-SPRD,SLO,3,SPY,SPY,30/07/2021,$440.00,P,$3.01,NEWFOUNDLAND-OMNI,Per Unit,0.05,0,0,0,$0.1500,100,3.04,23.43
7/28/2021,DSmanik,WEX-SWEEP-SPRD,SLO,3,SPY,SPY,30/07/2021,$440.00,P,$3.01,NEWFOUNDLAND-OMNI,Per Unit,0.05,0,0,0,$0.1500,100,3.04,23.43
7/28/2021,DSmanik,WEX-SWEEP-SPRD,SLO,2,SPY,SPY,30/07/2021,$440.00,P,$3.05,NEWFOUNDLAND-OMNI,Per Unit,0.05,0,0.0025,0,$0.1050,100,3.04,23.43
7/28/2021,DSmanik,WEX-SWEEP-SPRD,SLO,5,SPY,SPY,30/07/2021,$440.00,P,$3.05,NEWFOUNDLAND-OMNI,Per Unit,0.05,0,0.37,0,$2.1000,100,3.04,23.43
7/28/2021,DSmanik,WEX-SWEEP-SPRD,SLO,2,SPY,SPY,30/07/2021,$440.00,P,$3.05,NEWFOUNDLAND-OMNI,Per Unit,0.05,0,0.0025,0,$0.1050,100,3.04,23.43
7/28/2021,DSmanik,WEX-SWEEP-SPRD,SLO,1,SPY,SPY,30/07/2021,$440.00,P,$3.05,NEWFOUNDLAND-OMNI,Per Unit,0.05,0,0.0025,0,$0.0525,100,3.04,23.43
7/28/2021,DSmanik,WEX-SWEEP-SPRD,SLO,8,SPY,SPY,30/07/2021,$440.00,P,$3.05,NEWFOUNDLAND-OMNI,Per Unit,0.05,0,-0.39,0,$(2.7200),100,3.04,23.43
7/28/2021,DSmanik,WEX-SWEEP-SPRD,SLO,1,SPY,SPY,30/07/2021,$440.00,P,$3.01,NEWFOUNDLAND-OMNI,Per Unit,0.05,0,0,0,$0.0500,100,3.04,23.43
7/28/2021,DSmanik,WEX-SWEEP-SPRD,SLO,1,SPY,SPY,30/07/2021,$440.00,P,$3.05,NEWFOUNDLAND-OMNI,Per Unit,0.05,0,0.37,0,$0.4200,100,3.04,23.43
7/28/2021,DSmanik,WEX-SWEEP-SPRD,SLO,1,SPY,SPY,30/07/2021,$440.00,P,$3.05,NEWFOUNDLAND-OMNI,Per Unit,0.05,0,0.0025,0,$0.0525,100,3.04,23.43
7/28/2021,DSmanik,WEX-SWEEP-SPRD,SLO,1,SPY,SPY,30/07/2021,$440.00,P,$3.05,NEWFOUNDLAND-OMNI,Per Unit,0.05,0,-0.25,0,$(0.2000),100,3.04,23.43
7/28/2021,DSmanik,WEX-SWEEP-SPRD,SLO,1,SPY,SPY,30/07/2021,$440.00,P,$3.05,NEWFOUNDLAND-OMNI,Per Unit,0.05,0,-0.39,0,$(0.3400),100,3.04,23.43
7/28/2021,DSmanik,WEX-SWEEP-SPRD,SLO,1,SPY,SPY,30/07/2021,$440.00,P,$3.06,NEWFOUNDLAND-OMNI,Per Unit,0.05,0,0.37,0,$0.4200,100,3.04,23.43
